name,prediction,confidence,critic_score,critic_grade,c1,c2,c3,c4,c5,c6,c7,c8,c9,c10,key_concern,would_rerun_help
a katrise perera,same,high,13,QUESTIONABLE,pass,pass,weak,fail,fail,pass,pass,pass,fail,pass,The evidence is insufficient for high confidence: only 1 Tier 2 source (2017 application document) with multiple Tier 3 sources. The Lancaster ISD bio is misclassified as Tier 1 when it's actually Tier 3 (current district bio). High confidence requires 2+ Tier 1-2 independent sources.,True
a katrise perera,same,high,19,CONFIRMED,pass,pass,weak,pass,pass,pass,pass,pass,pass,pass,"None significant. The reasoning is strong with multiple independent sources confirming the career trajectory. The only minor issue is that the 4-phase search strategy is not explicitly documented, though the evidence shows thorough searching was performed.",False
a katrise perera,same,high,20,CONFIRMED,pass,pass,pass,pass,pass,pass,pass,pass,pass,pass,None identified. This is an exemplary disambiguation with definitive Tier 1 evidence directly connecting both districts.,False
aaron spence,same,high,20,CONFIRMED,pass,pass,pass,pass,pass,pass,pass,pass,pass,pass,None - this is an exemplary disambiguation with strong evidence and sound reasoning.,False
aaron spence,same,high,20,CONFIRMED,pass,pass,pass,pass,pass,pass,pass,pass,pass,pass,None - this is an exceptionally strong disambiguation case with multiple Tier 1 sources explicitly documenting the career transition between districts.,False
adolfo melara,same,high,7,SUSPECT,pass,pass,fail,fail,fail,pass,weak,fail,fail,fail,"The reasoning claims ""strong evidence"" and ""conclusively shows"" but only one source (Houston Woman Holiday 2022) appears to directly link Adolfo Melara to George I. Sanchez Charter. The other sources are described but their actual content is not demonstrated to support the claims. No LinkedIn search was conducted, which would be a critical Tier 1 source for verifying career continuity between California and Texas. The confidence is significantly overcalibrated for the evidence presented.",True
albert roberts,same,high,20,CONFIRMED,pass,pass,pass,pass,pass,pass,pass,pass,pass,pass,None significant. This is a well-supported disambiguation with strong Tier 1 evidence explicitly documenting the career transition between districts.,False
alexandra estrella,same,high,20,CONFIRMED,pass,pass,pass,pass,pass,pass,pass,pass,pass,pass,None. This is an exemplary disambiguation with strong multi-source evidence and proper confidence calibration.,False
amy kruppe,same,high,20,CONFIRMED,pass,pass,pass,pass,pass,pass,pass,pass,pass,pass,"None. This is an exemplary disambiguation with strong evidence, proper methodology, and appropriate confidence calibration.",False
andre spencer,same,high,19,CONFIRMED,pass,pass,weak,pass,pass,pass,pass,pass,pass,pass,None significant. The reasoning is sound and well-supported by multiple independent Tier 1 sources.,False
andrea perez,same,high,13,QUESTIONABLE,pass,pass,weak,pass,fail,pass,pass,pass,fail,fail,"The critical flaw is that while the reasoning confirms Andrea Perez held BOTH positions separately, it provides NO evidence directly connecting the 2008 Woodville Union role to the 2023-2024 BASIS Texas role. The Tulare County document mentions Woodville Union but doesn't specify 2008. The entire case rests on career trajectory plausibility (a 15-year gap with CA→TX move) rather than explicit corroboration. For a moderately common name like Andrea Perez, this is insufficient for high confidence.",True
andrew jackson,same,high,19,CONFIRMED,pass,pass,pass,pass,pass,pass,pass,pass,pass,weak,"Overall strong case with excellent Tier 1 evidence. The Cincinnati.com article explicitly covering the transition from Northwest Local to Sunman-Dearborn is the gold standard of evidence. However, given that Andrew Jackson is an extremely common name, this case required the highest evidentiary standard, which was met. The only minor gap is the unexplained 2021-2023 period in the Sunman-Dearborn tenure, but this does not undermine the core conclusion.",False
andrew oberg,same,high,20,CONFIRMED,pass,pass,pass,pass,pass,pass,pass,pass,pass,pass,None significant. This is a strong disambiguation with Tier 1 evidence that explicitly connects both positions.,False
angelica ramsey,same,high,20,CONFIRMED,pass,pass,pass,pass,pass,pass,pass,pass,pass,pass,"Position record dates do not match documented evidence: Position 1 lists Pleasant Valley as 2014-2018, but evidence shows tenure was July 2016 to early 2021. This is a 3-year discrepancy on the end date and 2-year discrepancy on the start date. The evidence strongly supports 'same' prediction, but the position record appears to contain inaccurate dates.",False
angelica ramsey,same,high,20,CONFIRMED,pass,pass,pass,pass,pass,pass,pass,pass,pass,pass,"Timeline discrepancy: The record shows Pleasant Valley tenure as 2014-2018, but all evidence sources consistently indicate she started in 2016 and served almost five years (2016-2021). While this doesn't undermine the core conclusion that it's the same person, the record's date range appears imprecise or possibly incorrect. The evidence (Ventura County Star, CBS7, Fort Worth Chamber) all point to a 2016 start, not 2014.",False
ann gardner,same,high,11,QUESTIONABLE,pass,pass,weak,fail,fail,pass,pass,pass,fail,fail,"The prediction rests entirely on the coincidence of the same name appearing at two districts, with no evidence linking them. No Tier 1 sources (hiring announcements, LinkedIn, transition news) were found to document the career move from Texas to Arkansas. The high confidence is dramatically overcalibrated - this could easily be two different people named Ann Gardner. The reasoning commits the fundamental fallacy of assuming 'same name = same person' in the absence of disconfirming evidence, rather than requiring positive evidence of identity.",True
anthony jackson,same,high,17,PLAUSIBLE,pass,pass,weak,pass,pass,weak,pass,pass,weak,pass,"The Henry County (VA) position from 2010 is not directly documented with a source showing 'Dr. Anthony D. Jackson' at that district. All provided sources focus on his North Carolina career (Nash-Rocky Mount, Vance County, Chatham County). While the career progression is coherent and well-documented for NC, the connection to Henry County is inferred rather than directly proven by a source explicitly placing him there.",True
anthony jackson,same,high,19,CONFIRMED,pass,pass,weak,pass,pass,pass,pass,pass,pass,pass,"The reasoning is strong on evidence but weak on methodology documentation. It does not explicitly describe the search phases used, making it difficult to verify whether all appropriate search strategies were attempted.",False
anthony jackson,same,high,19,CONFIRMED,pass,pass,weak,pass,pass,pass,pass,pass,pass,pass,"None significant. The disambiguation is well-supported with multiple independent Tier 1 sources, consistent full name verification including middle initial, and a clearly documented career progression matching both position records exactly.",False
aron borowiak,same,high,8,SUSPECT,pass,pass,weak,fail,fail,weak,weak,fail,fail,weak,"The reasoning claims definitive evidence and high confidence but the provided URLs do not support these assertions. LinkedIn is cited as a key source but no URL is provided. Wikipedia is claimed to list him but this is unverified. Most critically, no source explicitly states that the same person transitioned from Union County College Corner to Antioch CCSD 34. The evidence only shows someone named Aron Borowiak was at each district separately, not that it is the same person making a career move.",True
arthur culver,same,high,20,CONFIRMED,pass,pass,pass,pass,pass,pass,pass,pass,pass,pass,"None identified. This is an exemplary disambiguation with strong, well-corroborated evidence from multiple independent Tier 1 sources.",False
arthur culver,same,high,19,CONFIRMED,pass,pass,pass,pass,pass,weak,pass,pass,pass,pass,"Minor gap in full name verification: Longview ISD sources show ""Arthur Culver"" while East St Louis sources show ""Arthur R. Culver"". The middle initial ""R"" is not explicitly documented in Longview ISD records, though this is not a fatal flaw given the strong corroborating evidence from multiple Tier 1 sources showing a clear career progression.",False
arveneda mcdonald,same,high,20,CONFIRMED,pass,pass,pass,pass,pass,pass,pass,pass,pass,pass,None - this is a well-executed disambiguation with strong evidence and proper reasoning.,False
attila weninger,same,high,20,CONFIRMED,pass,pass,pass,pass,pass,pass,pass,pass,pass,pass,"None identified. The disambiguation is exceptionally well-supported with a Tier 1 source (Washington County Insider) that explicitly lists both districts in the superintendent's career history, corroborated by multiple independent sources including board minutes and newspaper archives.",False
attila weninger,same,high,20,CONFIRMED,pass,pass,pass,pass,pass,pass,pass,pass,pass,pass,"No significant concerns. This is an exemplary disambiguation with strong, direct evidence.",False
barbara erwin,same,high,19,CONFIRMED,pass,pass,pass,pass,pass,pass,weak,pass,pass,pass,"The Murray Ledger URL format is unusual and may be an internal/archived link format that could be difficult to verify, though the evidence content is strong and corroborated by two Chicago Tribune articles.",False
bernard josefsberg,same,high,20,CONFIRMED,pass,pass,pass,pass,pass,pass,pass,pass,pass,pass,"None significant. The disambiguation is well-supported with multiple independent sources, including a Tier 1 news article that explicitly connects both districts. The reasoning is coherent and the evidence quality is high.",False
bernard taylor,same,high,18,CONFIRMED,pass,pass,weak,pass,pass,pass,weak,pass,pass,pass,"The Education Week URL appears to be incomplete or incorrectly formatted, which could affect reproducibility of that specific source verification. However, the citation is otherwise credible and supported by additional sources.",False
bill morgan,same,high,7,SUSPECT,pass,fail,weak,fail,fail,pass,pass,fail,fail,fail,"The fundamental flaw is that NO evidence actually connects the two positions. The LinkedIn profile only shows USD 482 (Kansas), not Gorman ISD (Texas). The reasoning incorrectly treats separate evidence for two Bill Morgans at two different districts as evidence they are the same person. This is a logical fallacy - having evidence for Person A in Kansas and Person B in Texas does not constitute evidence that A = B. For a common name like Bill Morgan with a 10-year gap between positions, high confidence requires Tier 1 sources showing career continuity (LinkedIn with both districts, hiring announcement mentioning prior district, or transition news). None exist here.",True
billy williams,same,high,5,SUSPECT,pass,weak,fail,fail,fail,fail,pass,fail,fail,fail,"The reasoning makes a critical logical leap: it confirms Billy Williams worked at Woodlawn (AR) and worked somewhere in Texas, but NEVER actually verifies he worked at Trent ISD (TX) specifically. The obituary mentions ""Texas and Arkansas"" schools and ""Texas High School (Texarkana, TX)"" but not Trent ISD. The entire conclusion rests on assuming that because he worked in Texas, he must have worked at Trent ISD - this is pure speculation, not evidence.",True
blane mccann,same,high,19,CONFIRMED,pass,pass,weak,pass,pass,pass,pass,pass,pass,pass,"None significant. The reasoning is sound, well-sourced, and appropriately confident. Minor weakness in not explicitly documenting the 4-phase search strategy, but the evidence quality and corroboration are strong.",False
brad wade,same,high,12,QUESTIONABLE,pass,pass,weak,pass,pass,pass,weak,fail,fail,fail,"The reasoning contains a critical timeline contradiction: it claims Brad Wade became Wyandotte superintendent in 2020, but the position record clearly states 2022-2024. There is also an unexplained 5-year gap between Braggs (2017) and Wyandotte (2020/2022). The reasoning asserts high confidence despite this fundamental discrepancy, and the Wyandotte URL provided is a generic article page that doesn't clearly verify the claimed 2020 start date.",True
brian binggeli,same,high,20,CONFIRMED,pass,pass,pass,pass,pass,pass,pass,pass,pass,pass,"None - this is an exemplary disambiguation with strong, multi-source evidence properly classified and corroborated.",False
brian cordel,same,high,12,QUESTIONABLE,pass,pass,weak,fail,fail,pass,pass,weak,fail,pass,"The disambiguator treats the district website confirmation as Tier 1 evidence, but a district bio only confirming current position (without mentioning prior district) is Tier 3. There is NO source that explicitly connects Brian Cordel's employment between New Franklin R-I and Marais Des Cygnes Valley - no hiring announcement mentioning prior district, no transition news, no LinkedIn profile showing career history. The conclusion that these are the same person relies entirely on timeline inference and name matching, not documented career progression.",True
brian metcalf,same,high,9,SUSPECT,pass,pass,weak,fail,fail,pass,pass,fail,fail,fail,No evidence explicitly connects the two positions. The sources confirm each position independently but don't demonstrate the SAME person held both roles. High confidence is based on two independent confirmations rather than actual corroboration of identity.,True
brian metcalf,same,high,20,CONFIRMED,pass,pass,pass,pass,pass,pass,pass,pass,pass,pass,"None significant. This is a well-reasoned case with strong, multi-source corroboration.",False
brian metcalf,same,high,19,CONFIRMED,pass,pass,pass,pass,pass,pass,pass,weak,pass,pass,"The reasoning correctly identifies that both positions refer to the same Dr. Brian Metcalf, but there is a significant unexplained discrepancy: Position 1 input data lists dates 2011-2012 and 2014-2015, yet all evidence shows he served as superintendent until his termination in 2020. The evidence clearly supports the 2020 date, but the reasoning should acknowledge this mismatch with the input data rather than presenting it as if the dates align perfectly.",False
brian osborne,same,high,19,CONFIRMED,pass,pass,pass,weak,pass,pass,pass,pass,pass,pass,"The HuffPost author page URL is mischaracterized as a Tier 1 professional profile confirming career history. While this doesn't invalidate the strong evidence from the other two sources, it represents a minor evidence classification error. The two legitimate Tier 1 sources (press release and transition coverage) are sufficient to support the high confidence conclusion.",False
brian pekarek,same,high,12,QUESTIONABLE,pass,pass,weak,weak,weak,pass,fail,weak,weak,weak,"The Daily Yonder article is dated July 2025, which is in the future relative to the 2024 position. This indicates a serious evidence quality issue—either a fetching error, incorrect URL, or date confusion. Additionally, there is no direct evidence bridging the 4-5 year gap between Albany (2019-2020) and Palco (2024), leaving the connection inferred rather than proven.",True
brian shumate,same,high,19,CONFIRMED,pass,pass,pass,pass,pass,pass,pass,pass,pass,weak,"Minor timeline discrepancy: Position 1 is listed as 2013-2017, but evidence shows Brian Shumate served as Medford superintendent through 2019. The evidence indicates continuous service (Medford 2014-2019, Troup County 2019-2023) with no gap, but the position dates suggest a 2017-2019 break. This doesn't invalidate the identification but represents an inconsistency between the position description and the supporting evidence.",False
broadus davis,same,high,11,QUESTIONABLE,pass,pass,weak,fail,fail,weak,pass,pass,fail,weak,"The key concern is the absence of any Tier 1 evidence (LinkedIn career history, hiring announcements, transition news) that would directly confirm Dr. Broadus W. Davis worked at both districts as part of a continuous career. The evidence shows he was at Bristol Borough AND at Franklin Township, but relies on circumstantial inference rather than explicit documentation linking these roles. This is particularly problematic because the middle initial 'W.' is not definitively verified at the Franklin Township position.",True
bruce borchers,same,high,19,CONFIRMED,pass,pass,weak,pass,pass,pass,pass,pass,pass,pass,"None significant. The reasoning is sound with strong Tier 1 evidence directly documenting the 2013 transition between districts. The only minor gap is explicit documentation of the search methodology phases, but this doesn't undermine the conclusion.",False
bruce watson,same,high,20,CONFIRMED,pass,pass,pass,pass,pass,pass,pass,pass,pass,pass,"No significant concerns identified. The disambiguation is well-supported with multiple independent Tier 1-2 sources that explicitly document Bruce Watson's career trajectory from Onteora to Glen Rock, including specific dates and context about his retirement from Fair Lawn.",False
bruce watson,same,high,18,CONFIRMED,pass,pass,weak,pass,pass,pass,pass,pass,pass,weak,"The reasoning relies heavily on a claim that Watson retired from Fair Lawn Schools in 2016 after 24 years, but none of the 7 provided URLs directly verify this critical career anchor point. While the evidence strongly supports the Onteora and Rockaway Township connections, the Fair Lakes claim appears to be inferred rather than directly documented.",True
bruce watson,same,high,20,CONFIRMED,pass,pass,pass,pass,pass,pass,pass,pass,pass,pass,None. This is a well-reasoned disambiguation with strong evidence.,False
bryan mcgraw,same,high,20,CONFIRMED,pass,pass,pass,pass,pass,pass,pass,pass,pass,pass,"None. This is a well-executed disambiguation with strong, corroborating Tier 1 evidence.",False
cafer cengiz,same,high,19,CONFIRMED,pass,pass,pass,pass,pass,pass,weak,pass,pass,pass,"Minor concern: One source mentions 'Cafer (Adam) Cengiz' with a middle name that doesn't appear in other records, and the Concept Schools network documentation is mentioned but no URL provided. However, these are minor issues that don't undermine the strong evidence from two Tier 1 sources that explicitly connect the positions.",False
carl hilling,same,high,9,SUSPECT,pass,pass,weak,fail,fail,pass,pass,fail,fail,fail,"The critical flaw is that NO evidence actually connects the two positions. The sources confirm that a Carl Hilling worked at Triton in 2010 and a Carl H. Hilling worked at Parma in 2014-2016, but NONE of the sources mention the other district or provide any biographical details that would confirm they are the same person. The reasoning treats the coexistence of two superintendent positions with similar names as proof of a career move, when it actually proves nothing about identity.",True
carlton jenkins,same,high,20,CONFIRMED,pass,pass,pass,pass,pass,pass,pass,pass,pass,pass,"None identified. This is a strong, well-supported disambiguation with multiple Tier 1 sources explicitly connecting both districts.",False
carol birks,same,high,20,CONFIRMED,pass,pass,pass,pass,pass,pass,pass,pass,pass,pass,"None identified. This is a well-executed disambiguation with strong, direct evidence from official sources.",False
carol birks,same,high,18,CONFIRMED,pass,pass,weak,pass,pass,pass,weak,pass,pass,pass,"The Morning Call article URL appears incomplete/truncated, making it difficult to verify this source. Additionally, while evidence is strong, the reasoning should explicitly document the search phases attempted (4-phase framework) rather than just presenting the results.",False
carol kelley,same,high,12,QUESTIONABLE,pass,pass,pass,fail,fail,pass,fail,pass,fail,pass,"The prediction is likely correct (the Oak Park announcement is strong evidence), but the confidence rating and evidence quality are flawed. Key issues: (1) Princeton evidence is Tier 3 not Tier 2 and does not independently corroborate the transition, (2) One of the two URLs is irrelevant (about university funding, not the superintendent), (3) High confidence requires 2+ Tier 1-2 independent sources but only 1 Tier 1 source exists, (4) Confidence should be medium, not high.",True
carole schmidt,same,high,19,CONFIRMED,pass,pass,weak,pass,pass,pass,pass,pass,pass,pass,"The reasoning claims to have searched both districts and found evidence at each, but the URLs only include South Bend district sources. The Benton Harbor evidence comes entirely from news articles (ABC57 and South Bend Tribune) rather than from Benton Harbor district sources themselves. While this doesn't invalidate the conclusion given the strong Tier 1 corroboration, it represents a minor gap in the search strategy documentation.",False
carolyn koos,same,high,9,SUSPECT,pass,pass,weak,fail,fail,pass,pass,fail,fail,fail,"The About.me profile is cited as the key evidence connecting the two positions, but there's no demonstration that it actually mentions Bedminster Township. The reasoning claims the profile shows career progression 'including work at Matawan-Aberdeen School District' but Bedminster is never mentioned. This creates a false sense of corroboration - we have evidence of Carolyn Koos at Deer Park (ISBE) and evidence of Carolyn Koos at Bedminster (NJ.com), but no single source actually connecting them as the same person. The About.me profile may not even mention Bedminster at all, making it irrelevant to the disambiguation question. High confidence is unwarranted given the lack of direct connecting evidence.",True
cassandra schug,same,high,20,CONFIRMED,pass,pass,pass,pass,pass,pass,pass,pass,pass,pass,"None - this is an exemplary disambiguation with strong, diverse evidence.",False
charles coleman,same,high,18,CONFIRMED,pass,pass,pass,pass,pass,pass,fail,pass,pass,pass,"The ICESC website URL appears to be incorrect/misattributed. The reasoning claims this source shows Charles E. Coleman as Superintendent of Battle Creek Public Schools, but the URL points to icesoc.org (Illinois Cooperative Educational Service Center), which is an Illinois organization, not a Michigan Battle Creek source. This raises serious questions about source accuracy and verification.",True
charles cudney,same,high,20,CONFIRMED,pass,pass,pass,pass,pass,pass,pass,pass,pass,pass,"None - this is a well-reasoned disambiguation with strong, multi-source evidence.",False
charles garland,same,high,18,CONFIRMED,pass,pass,weak,pass,pass,weak,pass,pass,pass,pass,"The reasoning claims the Jasper County website explicitly states his full name and Whiteville service, but there is no explicit verification that the full name ""Charles Kenneth Kenny Garland"" appears on the Jasper County website. The evidence is strong overall, but full name verification at the second district could be more explicitly demonstrated.",False
charles mcnulty,same,high,17,PLAUSIBLE,pass,pass,weak,pass,pass,pass,pass,pass,weak,weak,"The reasoning claims the Reno Gazette Journal article explicitly states that Charles McNulty ""previously served as superintendent for the Black Hawk School District in Wisconsin,"" but the URL provided is about Washoe County (NV) superintendent finalists. This suggests either: (1) Charles McNulty was one of the finalists and his bio mentioned his prior experience, or (2) this is a snippet match error. Additionally, there's a discrepancy between ""Pulaski County School District"" (in the claimed quote) and ""Pulaski County Special School District"" (the target district). These need verification to ensure the correct person/district is being identified.",True
charles sampson,same,high,19,CONFIRMED,pass,pass,weak,pass,pass,pass,pass,pass,pass,pass,None significant - this is a very strong disambiguation with definitive Tier 1 evidence.,False
cheryl atkinson,same,high,20,CONFIRMED,pass,pass,pass,pass,pass,pass,pass,pass,pass,pass,No significant concerns identified. This is a well-documented case with multiple Tier 1 sources explicitly connecting both positions to the same person.,False
chris ballenger,same,high,8,SUSPECT,pass,pass,weak,fail,fail,pass,weak,fail,fail,fail,The primary Tier 1 source (Laurens County article) contains major factual errors that undermine its reliability: it incorrectly places Bentonville in Virginia (not Arkansas) and claims 13 years at Jennings which conflicts with the 2012-2016 record. The reasoning ignores these conflicts while claiming definitive evidence and high confidence.,True
christine anderson,same,high,5,SUSPECT,pass,weak,fail,fail,fail,weak,weak,fail,fail,fail,"The disambiguator has found evidence that Christine Anderson existed at both districts independently, but has found NO evidence connecting these as the same person. The reasoning conflates 'same name exists at both places' with 'same person worked at both places.' With only Tier 3 evidence (district bios/board docs) and no Tier 1 sources (LinkedIn, hiring announcements, transition news), high confidence is unjustified. This is a classic common-name disambiguation failure.",True
christine barnes,same,high,18,CONFIRMED,pass,pass,pass,pass,pass,pass,weak,pass,weak,pass,"The TSPR source (Texas School Public Relations Association) publishing about a Keokuk, Iowa superintendent hire is suspicious. A Texas PR organization would not typically be the primary source for an Iowa district's hiring announcement. This source may be fabricated or misattributed, which weakens the evidence base. However, the other two sources (Sturgis Journal and Radio Keokuk) are strong, independent, and directly connect the two positions.",True
colleen murray,same,high,19,CONFIRMED,pass,pass,pass,pass,pass,pass,pass,weak,pass,pass,"The timeline shows potential overlap between the Bethany superintendent role (2015-2021) and Haddonfield CAO role (2018-2022). While this could represent a transitional period or dual roles, the reasoning doesn't explicitly address this overlap. The Lumberton start date (July 2022) also appears slightly earlier than the position 2 range (2023-2024), though this could reflect hiring vs. official start date differences.",False
connie hathorn,same,high,19,CONFIRMED,pass,pass,weak,pass,pass,pass,pass,pass,pass,pass,"No significant concerns. This is a well-supported disambiguation with a Tier 1 source explicitly connecting both positions. The only minor gap is incomplete documentation of the systematic search phases, but the evidence quality is strong.",False
corey seymour,same,high,20,CONFIRMED,pass,pass,pass,pass,pass,pass,pass,pass,pass,pass,"No significant concerns identified. The disambiguation is well-supported with strong Tier 1 evidence (Press-Citizen article explicitly stating the prior district connection) and multiple corroborating Tier 2 sources. The reasoning is coherent, the timeline is plausible and well-documented, and the confidence is appropriately calibrated.",False
craig artist,same,high,18,CONFIRMED,pass,pass,pass,pass,pass,pass,pass,weak,weak,pass,"The prediction correctly identifies the same person (Craig Artist) moving from West Branch, IA to Quincy, MI, but the specific tenure periods claimed (2011-2012 and 2014-2015) contradict the evidence which shows continuous service from 2011 until 2017. The reasoning doesn't address this discrepancy.",True
craig fiegel,same,high,19,CONFIRMED,pass,pass,weak,pass,pass,pass,pass,pass,pass,pass,"Minor discrepancy in reported Mascoutah tenure years. Position 2 lists ""2012-2014, 2017-2022"" but reasoning states ""11 years until retirement in 2022"" and sources indicate service from approximately 2011. This suggests a possible gap or data entry error in the position dates, but does not undermine the conclusion that this is the same person.",False
creg williams,same,high,20,CONFIRMED,pass,pass,pass,pass,pass,pass,pass,pass,pass,pass,"None identified. This is an exemplary disambiguation result with strong, corroborating evidence from multiple Tier 1 sources.",False
crystal edwards,same,high,20,CONFIRMED,pass,pass,pass,pass,pass,pass,pass,pass,pass,pass,None identified. This is a well-supported disambiguation with multiple independent Tier 1 sources explicitly documenting the career transition.,False
cuneyt akdemir,same,high,20,CONFIRMED,pass,pass,pass,pass,pass,pass,pass,pass,pass,pass,"None significant. This is a well-executed disambiguation with strong multi-source evidence supporting a logical career progression within the Gulen charter network. The uncommon name, multiple independent corroborating sources, and clear timeline all support the high-confidence 'same' prediction.",False
curt rheingans,same,high,7,SUSPECT,pass,pass,weak,fail,fail,fail,pass,fail,fail,fail,"The reasoning conflates two different Iowa school districts. The Tier 1 evidence (Iowa Valley CSD) confirms the superintendent was previously at Creston, Illinois, but Position 2 is at English Valleys CSD, not Iowa Valley CSD. No Tier 1-2 evidence explicitly establishes that the same person moved from Creston to English Valleys. The English Valleys connection relies only on Tier 3-4 evidence (current district page, timeline plausibility), which should not support high confidence.",True
curt rheingans,same,high,19,CONFIRMED,pass,pass,pass,pass,pass,weak,pass,pass,pass,pass,"The reasoning claims full name verification at both districts but glosses over the name variation between ""Curtis Rheingans"" (on Iowa Valley page) and ""Curt Rheingans"" (on Illinois salary database and Creston minutes). While this is almost certainly the same person (formal vs informal name usage), the reasoning should explicitly acknowledge this variation rather than stating the names match identically.",False
dale greimann,same,high,17,PLAUSIBLE,pass,pass,weak,fail,pass,pass,pass,pass,pass,pass,"Evidence misclassification: obituary incorrectly labeled as Tier 1 when guidelines define it as Tier 2. While the actual evidence quality is strong and supports the high-confidence conclusion, this classification error undermines the rigor of the evidence evaluation framework.",False
dale martin,same,high,10,QUESTIONABLE,pass,pass,pass,weak,weak,fail,pass,fail,fail,fail,"Unexplained Oxford, MI finalist position in 2007 creates a critical gap in the career trajectory. The evidence shows Dale Martin at Downers Grove (2003-2007), then as finalist for Oxford (2007), then at Coldwater (2008). The reasoning ignores the Oxford position entirely and claims direct IL-to-MI transition, but doesn't explain what happened with the Oxford opportunity. This could indicate: (a) a different Dale Martin was the Oxford finalist, (b) the same person worked at Oxford briefly before Coldwater, or (c) he didn't get the Oxford job. Without investigating this, the ""same"" conclusion has a significant evidentiary hole.",True
dale slagle,same,high,10,QUESTIONABLE,pass,pass,fail,pass,fail,pass,pass,fail,fail,fail,"No single source explicitly links Dale Slagle to both Aurora and Frontenac districts. Three separate sources show a Dale Slagle at three different locations (Cabool 1985-87, Aurora 2003-09, Frontenac 2009-12), but there is no evidence these are the same person. The reasoning contains a factual error (claiming Missouri DESE for a Kansas district) and ignores the 16-year career gap. This could easily be two different educators named Dale Slagle.",True
dana bedden,same,high,18,CONFIRMED,pass,pass,fail,pass,pass,pass,pass,pass,pass,pass,The reasoning lacks transparency about the search process - no mention of the 4-phase search strategy or how sources were systematically discovered.,False
dana bedden,same,high,20,CONFIRMED,pass,pass,pass,pass,pass,pass,pass,pass,pass,pass,None identified - reasoning appears sound and well-supported.,False
dana bedden,same,high,20,CONFIRMED,pass,pass,pass,pass,pass,pass,pass,pass,pass,pass,None. This is an exemplary disambiguation with strong evidence and clear reasoning.,False
dana bedden,same,high,19,CONFIRMED,pass,pass,weak,pass,pass,pass,pass,pass,pass,pass,"The reasoning is strong but would benefit from explicit documentation of the search strategy phases. While the evidence clearly shows comprehensive research across multiple source types, the methodology is not described, making it harder to verify that all appropriate phases were attempted.",False
dana bedden,same,high,20,CONFIRMED,pass,pass,pass,pass,pass,pass,pass,pass,pass,pass,No significant concerns found. This is a well-documented case with multiple independent Tier 1 sources providing explicit confirmation of the same individual holding both superintendent positions.,False
dana bedden,same,high,10,QUESTIONABLE,pass,pass,weak,fail,weak,pass,fail,pass,fail,fail,"The primary concern is the use of unreliable and non-independent sources to justify high confidence. WikiGenius is not a credible source (it is not Wikipedia), the Richmond Magazine link appears to be a generic page rather than specific content, and the personal website (Bedden & Associates) is not independent verification. While the core conclusion may be correct, the evidence quality is overstated and confidence is miscalibrated.",True
dana bedden,same,high,19,CONFIRMED,pass,pass,weak,pass,pass,pass,pass,pass,pass,pass,"Minor timeline discrepancy: Position 2 is listed as 2013-2016, but evidence (WTVR article from 2015) and reasoning suggest tenure extended through 2016-2017. This does not affect the identification but shows a slight mismatch between position description and actual tenure.",False
dana bedden,same,high,20,CONFIRMED,pass,pass,pass,pass,pass,pass,pass,pass,pass,pass,"Minor timeline discrepancy noted (record says Richmond 2013-2016, evidence shows service until June 2017), but this does not affect the disambiguation conclusion. The core evidence—the Reading Eagle article explicitly stating Bedden previously worked in Richmond before Boyertown—is definitive Tier 1 evidence.",False
dana bedden,same,high,19,CONFIRMED,pass,pass,pass,pass,pass,pass,pass,pass,pass,weak,"Minor concern about citing WikiGenius as a source, which is not a credible news source, but this does not undermine the overall conclusion since multiple reliable Tier 1 sources support the prediction.",False
daniel brenner,same,high,18,CONFIRMED,pass,pass,weak,pass,pass,pass,weak,pass,pass,pass,"The search strategy is not described - we cannot verify if all 4 phases were attempted or if the search was correctly short-circuited. Additionally, an irrelevant URL (UNIS) is included without explanation of its relevance to the Roslyn-Darien transition.",False
daniel lukich,same,high,error,error,,,,,,,,,,,,
daniel lukich,same,high,20,CONFIRMED,pass,pass,pass,pass,pass,pass,pass,pass,pass,pass,"None. This is a well-executed disambiguation with strong, properly-tiered evidence from multiple independent sources. The CCSD 15 website provides explicit documentation of the career transition from Orange Schools, and the obituary provides independent verification of the Orange Schools tenure. The reasoning properly follows all phases and correctly classifies evidence tiers.",False
daniel lukich,same,high,20,CONFIRMED,pass,pass,pass,pass,pass,pass,pass,pass,pass,pass,"None significant. This is an excellent disambiguation with strong, multi-source evidence.",False
daniel nerad,same,high,20,CONFIRMED,pass,pass,pass,pass,pass,pass,pass,pass,pass,pass,None identified. This is a well-supported disambiguation with multiple Tier 1 sources confirming the same person's career trajectory.,False
darin powell,same,high,14,PLAUSIBLE,pass,pass,pass,pass,fail,pass,pass,weak,fail,weak,"The critical flaw is the missing corroborative link. While sources confirm Darin Powell was superintendent at Bowling Green (2012-2014) and that a Darin Powell is superintendent at Western CUSD 12 (2022-2023), NO SOURCE explicitly connects these two positions to the same person. The 2019 Hannibal article discusses his Bowling Green tenure but doesn't mention Western CUSD 12. The Illinois sources confirm his current role but don't reference his Missouri career. The reasoning assumes continuity without a source that explicitly states or implies the connection.",True
darrell floyd,same,high,15,PLAUSIBLE,pass,pass,weak,pass,pass,pass,pass,fail,weak,weak,"The reasoning cites a 'Clarity Interview with Dr. Darrell Floyd (2025)' but the case only covers positions through 2024. A 2025 source cannot exist for a 2024 case, indicating either a hallucination, typo, or fundamental error in evidence verification. This undermines confidence in the overall evidence quality despite the two strong district announcements.",True
daryl herrick,same,high,13,QUESTIONABLE,pass,pass,weak,pass,pass,pass,pass,fail,fail,fail,"The reasoning contains a critical factual error: it claims the Patch article confirms Herrick was hired as interim superintendent in 2014, but the article explicitly states he was named for the '2015-16 school year.' The Chicago Tribune article also references 2016. The reasoning incorrectly asserts verification of the 2014 timeframe when the evidence actually supports 2015-16. This means the prediction may be wrong - if Position 2 is specifically 2014 and Herrick was only there 2015-16, these could be different records or the position date is incorrect.",True
daryl pruter,same,high,8,SUSPECT,pass,pass,fail,fail,fail,pass,pass,fail,fail,fail,"No Tier 1 evidence (hiring announcement, transition news, or career history) exists to corroborate that the same person held both superintendent positions. The reasoning claims Tier 1 sources but only provides Tier 2-3 evidence that doesn't link the two districts. High confidence 'same' prediction without any source showing career progression or transition between districts is unjustified.",True
dave wilcox,same,high,6,SUSPECT,pass,weak,pass,fail,fail,fail,weak,fail,fail,fail,The reasoning cites a 2026 news article as evidence for a 2020-2024 position. This is a fundamental flaw - evidence from the future cannot be used to support a conclusion. This single issue invalidates the high confidence prediction and calls into question the entire evidence set.,True
david benson,same,high,8,SUSPECT,pass,pass,weak,fail,fail,pass,weak,fail,fail,fail,The disambiguator treated a Wikipedia entry about 'David Benson (politician)' as evidence about the superintendent David Benson. These are almost certainly different people - David Benson the politician was from Minnesota and served in state government. The only valid corroborating source is the KMBC article linking both districts; The Gazette only mentions Cedar Rapids. High confidence 'same' is not justified with only one valid cross-district source.,True
david bradley,same,high,10,QUESTIONABLE,pass,fail,weak,pass,fail,weak,pass,pass,fail,fail,"The prediction is based on a single newspaper source (Republican Eagle) with two articles, not two independent sources. For a very common name like 'David Bradley,' this is insufficient to support high confidence that these are the same person.",True
david brax,same,high,14,PLAUSIBLE,pass,pass,pass,fail,weak,pass,pass,pass,weak,fail,"The reasoning cites an NPI (National Provider Identifier) record as Tier 2 evidence for a school superintendent. NPI records are exclusively for healthcare providers, indicating this is almost certainly a different David Brax (a doctor) being conflated with the school superintendent. This is a critical source evaluation error that undermines the claimed corroboration from multiple independent sources.",True
david carriger,same,high,20,CONFIRMED,pass,pass,pass,pass,pass,pass,pass,pass,pass,pass,"None - this is a well-supported case with multiple independent sources including Tier 1 evidence (LinkedIn profile explicitly listing both districts, Blogger profile with career timeline) and Tier 2 sources (Kansas Legislature official recognition, district documents). The uncommon surname 'Carriger' reduces collision risk, and the timeline (2009-2017 to 2018-2024) is perfectly plausible for a superintendent career progression.",False
david damerall,same,high,8,SUSPECT,pass,pass,weak,fail,fail,pass,weak,fail,fail,fail,"The reasoning contains a fundamental contradiction: it cites evidence that David Damerall was at Bay City in 1994, but the position being evaluated is 1990-1993. Similarly, it claims 15 years at Kirkwood until 2026, but the position is 2003-2009. The evidence cited does not actually support the specific time periods being disambiguated.",True
david dude,same,high,20,CONFIRMED,pass,pass,pass,pass,pass,pass,pass,pass,pass,pass,"Minor timeline discrepancy: The Position 2 record shows 2022-2024, but evidence shows Dude started at Cambria-Friesland on July 1, 2021. This suggests a record date error rather than an actual discrepancy, but it's worth noting the records don't perfectly align with the documented timeline.",False
david fuller,same,high,8,SUSPECT,pass,pass,weak,fail,fail,pass,weak,fail,fail,fail,"The reasoning misreads the NJ.com evidence (which says TX → NJ, not NJ → TX), conflates Texas Virtual Academy with C O R E Academy, and uses GovSalaries data from 2017 to ""confirm"" a 2013-2016 position. No source actually verifies David C. Fuller at C O R E Academy during the stated timeframe.",True
david larson,same,high,18,CONFIRMED,pass,pass,weak,pass,pass,pass,weak,pass,pass,pass,"Unable to verify that the provided URLs actually load and contain the claimed content about David Larson's transition from Birmingham to Glenbard. The reasoning is solid, but URL quality cannot be fully confirmed.",False
david larson,same,high,3,SUSPECT,pass,fail,weak,fail,fail,fail,fail,fail,fail,fail,"The Tier 1 evidence (Dayton Daily News) actually shows David Larson moved from Covington to Piqua City Schools, not Bennett Community School District. This directly contradicts the prediction and suggests the reasoning misinterpreted the career path. The evidence points to two different David Larsons: one who went Covington→Piqua, and another who was at Bennett.",True
david markward,same,high,19,CONFIRMED,pass,pass,weak,pass,pass,pass,pass,pass,pass,pass,"The reasoning doesn't explicitly document the 4-phase search strategy, though the evidence found suggests thorough searching. Additionally, the exact transition timeline between 2003 (Rock Island) and 2004 (Cedar Rapids) could be examined more closely for potential gaps, though this doesn't undermine the core conclusion.",False
david martin,same,high,5,SUSPECT,fail,fail,weak,pass,fail,fail,pass,fail,fail,fail,"David Martin is an extremely common name. The prediction of 'same' is based on only 1 Tier 1 source (NC position only), 1 Tier 2 source (NC only), and 1 Tier 3 source (TN only), with NO Tier 1-2 evidence connecting the two districts. The name variation ('J. David Martin' vs 'Dr. David Martin') is unverified, and the Bart Durham law firm biography is likely about a completely different person (a lawyer, not an educator). High confidence is completely unjustified.",True
david moyer,same,high,20,CONFIRMED,pass,pass,pass,pass,pass,pass,pass,pass,pass,pass,"Minor timeline discrepancy: Position 1 lists Burlington as 2010-2011, but sources indicate Moyer served as Burlington superintendent until 2012 when he left for Moline. This suggests the position data may be incomplete or truncated, but doesn't affect the core conclusion that the same person served at both districts.",False
david moyer,same,high,19,CONFIRMED,pass,pass,weak,pass,pass,pass,pass,pass,pass,pass,Minor discrepancy in district numbering: Position 2 is listed as 'Moline USD 40' while one source mentions 'Moline-Coal Valley School District 41'. This appears to be a district numbering inconsistency but does not undermine the core conclusion that the same David Moyer served at both districts.,False
david moyer,same,high,19,CONFIRMED,pass,pass,pass,pass,pass,pass,pass,pass,weak,pass,"The 6-year career gap between Elmhurst (left by 2018) and Northport (2024) is unexplained. The evidence shows a clear progression from Burlington → Moline-Coal Valley → Elmhurst, but then jumps 6 years to Northport with no documentation of what David Moyer did during that period. This gap doesn't invalidate the conclusion, but it's a notable missing piece in the career timeline.",True
david pruneau,same,high,20,CONFIRMED,pass,pass,pass,pass,pass,pass,pass,pass,pass,pass,None significant. The disambiguation is well-supported with multiple independent Tier 1-2 sources confirming the career transition.,False
david rogers,same,high,5,SUSPECT,pass,fail,weak,fail,fail,fail,pass,fail,fail,fail,"The fundamental flaw is that ALL evidence is circumstantial (timeline plausibility, geographic proximity, name similarity) for a VERY COMMON name. None of the three sources actually confirm that the David Rogers who left Iowa in 2004 became the David Rogers who arrived in Illinois in 2005. The reasoning incorrectly treats separate name matches as identity confirmation, and the high confidence claim is unsupported by the evidence tier and corroboration requirements.",True
david smith,same,high,6,SUSPECT,pass,fail,weak,fail,fail,weak,pass,fail,fail,fail,"David Smith is an extremely common name, yet the prediction of 'same' with high confidence is based on NO direct evidence connecting the two districts. All sources are district-specific (VA-only or GA-only). The entire case rests on inferring that 'K. David Smith' in Virginia is the same as 'David Kevin Smith' in Georgia based on middle initial match, timeline plausibility, and geographic proximity. This is insufficient evidence for a common name and represents a high-risk false positive.",True
david stephens,same,high,20,CONFIRMED,pass,pass,pass,pass,pass,pass,pass,pass,pass,pass,None identified. This is a strong case with explicit Tier 1 evidence (hiring announcement that names the prior district) plus multiple corroborating sources.,False
david stout,same,high,7,SUSPECT,pass,weak,fail,fail,fail,pass,pass,fail,fail,fail,"The disambiguator treats weak circumstantial evidence (email pattern, timeline plausibility) as definitive proof of identity. Email username 'dstout' is a generic convention that could easily be used by different David Stouts. No Tier 1-2 evidence was found to confirm the same person moved between districts. This is a high-risk false positive.",True
david strudthoff,same,high,19,CONFIRMED,pass,pass,weak,pass,pass,pass,pass,pass,pass,pass,"The reasoning is strong overall but lacks explicit documentation of the search strategy phases. While the evidence collected is comprehensive and the conclusion is well-supported, I cannot confirm that all 4 search phases were systematically attempted or that the process was correctly short-circuited. This is a documentation gap rather than an evidence gap.",False
david strudthoff,same,high,19,CONFIRMED,pass,pass,weak,pass,pass,pass,pass,pass,pass,pass,"Missing documentation of the 4-phase search strategy. While the evidence is strong, the reasoning doesn't explicitly show that district domain searches, direct connection searches, individual verification, or archive deep-dives were systematically attempted.",False
deborah wheeler,same,high,20,CONFIRMED,pass,pass,pass,pass,pass,pass,pass,pass,pass,pass,None - this is a strong disambiguation with excellent evidence.,False
debra kaplan,same,high,19,CONFIRMED,pass,pass,pass,pass,pass,pass,weak,pass,pass,pass,"The reasoning is overall sound with strong evidence, but there is one weak point: the 2009 board archive URL is cited to support the claim that Liliam Leis-Castillo was superintendent at West Covina in 2009-2010, but board meeting minutes would not typically contain this information. This is a minor evidentiary gap that doesn't undermine the core conclusion but represents a quality issue in supporting documentation.",False
demond means,same,high,20,CONFIRMED,pass,pass,pass,pass,pass,pass,pass,pass,pass,pass,No significant concerns identified. This is a well-executed disambiguation with strong evidence.,False
denise herrmann,same,high,17,PLAUSIBLE,pass,pass,pass,pass,pass,pass,pass,weak,weak,weak,"The original record shows 2016-2017 at Roseville, but all evidence indicates Dr. Denise Herrmann started at Roseville around 2018. The reasoning assumes this is a Department of Education data error without providing any evidence that the 2016-2017 record actually refers to Dr. Denise Herrmann. While it's likely the same person, there is no direct evidence linking her to the 2016-2017 timeframe - this could be a different Denise Herrmann, or a data recording error for a different person entirely.",True
dennis fisher,same,high,9,SUSPECT,weak,pass,weak,fail,fail,pass,pass,weak,fail,fail,"High confidence same prediction is unsupported by evidence quality. Only one Tier 2 source exists (Park Hill retirement), with one Tier 3 source (Huntsville current). No Tier 1 sources (LinkedIn, hiring announcements, transition news) were found. No sources directly connect Dennis Fisher at Park Hill to Dennis Fisher at Huntsville. The 6-year gap (2012-2018) is speculative, filled by an unverified K12ITC article. The MarketScreener article about a corporate board appointment is irrelevant to K-12 superintendency. Confidence should be LOW, not HIGH.",True
dennis johnson,same,high,6,SUSPECT,pass,fail,fail,weak,fail,fail,pass,weak,fail,fail,"""Dennis Johnson"" is an extremely common name, yet high confidence is based on essentially one document (Oregon TSPC) that mentions a move from NY to OR. The reasoning does not verify the middle initial ""E."" at both districts, does not provide independent corroboration, and makes unsupported claims about a Franklinville position. For a common name, single-source evidence is insufficient for high confidence.",True
dennis peters,same,high,4,SUSPECT,pass,weak,fail,fail,fail,weak,fail,fail,fail,fail,"The disambiguator found evidence that Dennis Peters held each superintendent position separately, but found NO evidence connecting the two positions. High confidence 'same' prediction is based entirely on circumstantial factors (timeline, geography) rather than documented career continuity. This violates the core requirement that common names require strong cross-linking evidence, and Tier 3 evidence should never support high confidence conclusions.",True
dennis rucker,same,high,13,QUESTIONABLE,pass,pass,weak,weak,weak,pass,pass,weak,fail,weak,"The 2003 Bethalto position is not actually verified with dated evidence. The Advantage News article has no timestamp confirming it was from 2003, and the Wikipedia article only confirms 2008 North Scott while generally mentioning Illinois experience - it does not specifically confirm the 2003 Bethalto role. The prediction ""same"" with high confidence is based on circumstantial evidence that a Dennis Rucker worked at Bethalto (at some point) and a Dennis Rucker worked at North Scott in 2008 and had Illinois experience, but this doesn't definitively establish they are the same person in 2003.",True
destry brown,same,high,20,CONFIRMED,pass,pass,pass,pass,pass,pass,pass,pass,pass,pass,None identified. This is a strong disambiguation with multiple Tier 1 sources explicitly connecting the two positions.,False
devon horton,same,high,20,CONFIRMED,pass,pass,pass,pass,pass,pass,pass,pass,pass,pass,None - this is a well-supported disambiguation with strong evidence.,False
dexter suggs,same,high,20,CONFIRMED,pass,pass,pass,pass,pass,pass,pass,pass,pass,pass,"No significant concerns identified. The disambiguation is well-supported with multiple independent sources, including a Chicago Tribune article that explicitly connects Dexter Suggs' current Merrillville superintendent role to his previous Little Rock tenure.",False
dianne talarico,same,high,20,CONFIRMED,pass,pass,pass,pass,pass,pass,pass,pass,pass,pass,None. This is an exemplary disambiguation with strong Tier 1 evidence.,False
diego giraldo,same,high,20,CONFIRMED,pass,pass,pass,pass,pass,pass,pass,pass,pass,pass,None - this is a strong disambiguation with excellent evidence quality.,False
dominic mucci,same,high,20,CONFIRMED,pass,pass,pass,pass,pass,pass,pass,pass,pass,pass,None. This is a well-supported disambiguation with strong Tier 1-2 evidence from multiple independent sources explicitly connecting both positions to the same individual.,False
donald achelpohl,same,high,18,CONFIRMED,pass,pass,pass,pass,weak,pass,pass,pass,weak,pass,"Only one Tier 1 source (the Southeast Iowa Union article) directly links the two positions, yet confidence is rated as 'high'. While the article is strong, the corroboration requirement for high confidence (2+ Tier 1-2 sources) isn't fully met. The state directory listings confirm each position independently but don't directly connect them.",True
donald andrews,same,high,17,PLAUSIBLE,pass,pass,pass,pass,pass,pass,weak,pass,pass,fail,"There is a critical temporal contradiction not addressed: Wikipedia and ABC News (2013) indicate Donald Andrews was superintendent at Randolph County Schools from 2005 and still in that role in 2013, while Position 2 at Cumberland County begins in 2013. This creates a potential overlap or timeline inconsistency that undermines the prediction.",True
donald carlisle,same,high,7,SUSPECT,pass,pass,weak,fail,fail,pass,fail,fail,fail,fail,"The reasoning fails to establish that the Donald K. Carlisle in Englewood, NJ is the same person as the Donald K. Carlisle in Long Lake, NY. Having the same full name at two different districts is NOT evidence that they are the same person - it's exactly what we would expect if they were different people. No source was found that connects these two positions (e.g., a hiring announcement saying 'coming from Englewood', a bio listing both districts, a transition article). The prediction is based on name coincidence and timeline plausibility, not actual evidence of identity.",True
donald martin,same,high,8,SUSPECT,pass,pass,weak,fail,fail,fail,pass,weak,fail,fail,"The disambiguator failed to find any evidence actually linking Donald Martin at Brownwood ISD to Donald Martin at Frazier SD. All sources are single-district confirmations that establish presence at each location separately, but provide no corroboration of identity. The name match is incomplete (Dr. Don C. Martin vs Donald Martin), and no Tier 1-2 sources (hiring announcements, career history, transition news) were found. The conclusion appears to be based on assuming a plausible career trajectory rather than demonstrating it.",True
donald wheeler,same,high,12,QUESTIONABLE,pass,weak,weak,fail,weak,pass,pass,weak,fail,pass,"The main concern is evidence quality vs. confidence level. The reasoning claims ""conclusively shows"" and assigns ""high confidence"" based primarily on Tier 2 evidence (board minutes, newsletters) and Tier 3-4 (salary records). No Tier 1 sources like LinkedIn career history, hiring announcements mentioning prior district, or transition news were found. For a high confidence ""same"" prediction, 2+ Tier 1-2 sources are required. The evidence supports a plausible connection but doesn't meet the threshold for high confidence.",True
doreen fuller,same,high,8,SUSPECT,pass,pass,weak,fail,fail,pass,weak,fail,fail,fail,"The disambiguator claims the 2009 date for Pacheco Union is a ""data recording error"" and predicts ""same"" with high confidence, but provides ZERO evidence that the CT superintendent and CA superintendent are the same person. The date mismatch is strong evidence for DIFFERENT people, not evidence of a database error. No source mentions both districts together.",True
doris hope jackson,same,high,8,SUSPECT,pass,pass,weak,fail,fail,fail,weak,pass,fail,fail,"The critical flaw is treating LocalWiki (a community-edited wiki) as definitive Tier 1 evidence that connects both districts. LocalWiki is user-generated content similar to Wikipedia and should not be treated as a primary source. The news articles only verify the Willow Run position, not the Calumet position. This means the claim that it's the same person rests primarily on a single unreliable source.",True
douglas adams,same,high,19,CONFIRMED,pass,pass,pass,weak,pass,pass,pass,pass,pass,pass,"Minor concern: The South Conway School District role (2018-2021) mentioned in the news article is not independently verified with a direct source. However, this is a gap in the career timeline, not a flaw in the core disambiguation, which is supported by the explicit news article connecting Ramapo/Suffern to Vilonia.",False
douglas domeracki,same,high,20,CONFIRMED,pass,pass,pass,pass,pass,pass,pass,pass,pass,pass,None identified. This is an exemplary disambiguation with strong Tier 1 evidence (explicit news coverage of the career transition) corroborated by multiple Tier 2 sources.,False
douglas van zyl,same,high,19,CONFIRMED,pass,pass,weak,pass,pass,pass,pass,pass,pass,pass,"Minor: Search strategy not documented. The reasoning should have explained which phases were attempted and why the search was short-circuited upon finding explicit transition news. This is a documentation issue, not an evidence issue.",False
duane bark,same,high,17,PLAUSIBLE,pass,pass,pass,fail,pass,pass,pass,pass,weak,pass,The Iowa court document is classified as Tier 1 evidence but there's no explanation of what this court case actually proves about Duane Bark's career. A court document about a legal proceeding is not inherently Tier 1 evidence for confirming a superintendent position. This represents a potential evidence classification error.,True
duane bennett,same,high,19,CONFIRMED,pass,pass,weak,pass,pass,pass,pass,pass,pass,pass,"The reasoning lacks documentation of the systematic search strategy (4 phases). While the obituary evidence is strong, the disambiguator should demonstrate attempting background searches, direct connection searches, and individual verification before or alongside finding the definitive source.",True
dudley hume,same,high,10,QUESTIONABLE,pass,pass,weak,fail,fail,pass,weak,pass,fail,fail,"The Cleveland County Herald article is a 2023 retrospective Other Days column, not a contemporaneous 2013 news article. This means there is NO contemporaneous documentation of Dudley Hume's transition from Webbers Falls to Woodlawn. The Oklahoman article from 2003 is irrelevant to the 2012 timeframe. High confidence is unsupported by contemporaneous evidence.",True
dwight pfennig,same,high,18,CONFIRMED,pass,pass,weak,pass,pass,pass,weak,pass,pass,pass,"The 2005 NJ Department of Education URL appears to have a date mismatch with the 2011 career transition being documented. While this doesn't invalidate the conclusion (the other 3 sources are strong), it raises questions about whether all cited evidence directly supports the specific claim.",False
earl kim,same,high,20,CONFIRMED,pass,pass,pass,pass,pass,pass,pass,pass,pass,pass,"None significant. Minor note: The reasoning states Stamford tenure as 2016-2019, but the query specified 2016-2018. This is a trivial documentation inconsistency that does not affect the disambiguation conclusion.",False
eddie johnson,same,high,13,QUESTIONABLE,pass,pass,weak,pass,pass,fail,pass,weak,weak,fail,"The primary concern is that the obituary evidence is being treated as definitive proof that connects BOTH specific positions, when it only mentions superintendent roles in ""Mt. Pleasant, TX and England, AR"" without specifically naming Harts Bluff ISD. The connection between Mt. Pleasant and Harts Bluff ISD, while likely correct, is inferred rather than explicitly verified. Additionally, full name verification at the Arkansas district is not clearly demonstrated.",True
elie bracy,same,high,20,CONFIRMED,pass,pass,pass,pass,pass,pass,pass,pass,pass,pass,"None significant. This is a well-documented case with multiple independent Tier 1 sources explicitly confirming the career transition. The only minor issue is that some URLs appear to be RSS aggregator pages rather than primary news sources, but the content is cited accurately and corroborated by other sources.",False
emin cavusoglu,same,high,9,SUSPECT,pass,pass,weak,fail,fail,pass,pass,fail,fail,fail,"The reasoning claims to have '2+ independent Tier 1-2 sources explicitly connecting both positions' but no source actually connects both positions. The sources independently confirm Emin Cavusoglu at Lisa Academy AND independently confirm Emin Cavusoglu at Harmony, but there is no source showing these are the same person. This is a fundamental logical gap - the absence of a connecting source is being treated as evidence of connection.",True
emin cavusoglu,same,high,7,SUSPECT,pass,weak,fail,fail,fail,pass,pass,fail,fail,fail,"The reasoning fails to provide any source that actually connects the Arkansas position to the Texas position. All evidence only verifies that someone named Emin Cavusoglu existed at each location separately, with no proof they are the same person. The conclusion relies entirely on circumstantial factors (uncommon name, network similarity, timeline plausibility) which are Tier 4 evidence and should not support high confidence.",True
eric becoats,same,high,20,CONFIRMED,pass,pass,pass,pass,pass,pass,pass,pass,pass,pass,None identified. This is a well-executed disambiguation with strong Tier 1 evidence explicitly connecting both positions.,False
eric king,same,high,6,SUSPECT,pass,pass,fail,fail,fail,fail,pass,fail,fail,fail,"CRITICAL: The reasoning claims to have evidence connecting Eric King to BOTH districts, but there is ZERO evidence placing him at ESD 159 in 2006-2007. All evidence (2 Tier 1 sources, 1 Tier 2) only confirms the Muncie 2010 position. The 'Eric A. King (IL)' candidate list doesn't verify ESD 159 employment. This is a fundamental evidentiary gap - the prediction is based on one confirmed position, one unconfirmed position.",True
eric knost,same,high,20,CONFIRMED,pass,pass,pass,pass,pass,pass,pass,pass,pass,pass,None - this is an exemplary disambiguation with strong Tier 1 evidence.,False
eric smith,same,high,3,SUSPECT,pass,fail,fail,fail,fail,fail,weak,fail,fail,fail,"This is a catastrophic failure on a VERY COMMON name. \""Eric Smith\"" is one of the most common names in America, yet the reasoning concludes \""same\"" with \""high\"" confidence based on finding someone with that name at three different districts. The fundamental logical error is assuming that finding Eric Smith at a third district (Texhoma) proves the Eric Smith at McLean ISD is the same as the Eric Smith at Wilson. This is not evidence of identity - it's evidence that multiple people named Eric Smith work as superintendents in Texas/Oklahoma. There are ZERO Tier 1 sources (no LinkedIn, no hiring announcements, no transition news) and NO explicit connections between the districts. The reasoning treats geographic proximity and timeline plausibility as definitive proof, which is a known pitfall. This is exactly the type of dangerous false positive that the audit checklist is designed to catch.",False
eric witherspoon,same,high,19,CONFIRMED,pass,pass,pass,pass,pass,pass,pass,pass,pass,weak,None significant. The reasoning is strong and well-supported. Minor improvement would be to address the 2015-2016 gap years explicitly.,False
esperanza zendejas,same,high,19,CONFIRMED,pass,pass,weak,pass,pass,pass,pass,pass,pass,pass,"Minor concern: Search strategy completeness is not as explicitly documented as ideal. While the evidence is strong, the reasoning does not clearly articulate whether all 4 search phases were systematically attempted, particularly Phase 4 (archive deep-dive for records 5+ years old). However, this is a documentation weakness rather than an evidence weakness.",False
evelyn browne,same,high,9,SUSPECT,pass,pass,weak,pass,fail,pass,fail,fail,fail,fail,"The Folsom evidence comes from the WRONG school district (gscschools.org, not Folsom Borough School District), and the only Tier 1 source is the Banner County hiring announcement. Without direct Folsom district documentation, there is insufficient evidence to confirm that the Evelyn Browne at Banner County is the same person who worked at Folsom.",True
fran thoele,same,high,9,SUSPECT,pass,pass,weak,fail,fail,pass,pass,fail,fail,fail,"No evidence directly connects Fran Thoele at Teutopolis (IL) to Fran Thoele at New Harmony (IN). The reasoning assumes same person because it's the same uncommon name with plausible timeline, but there's no hiring announcement, transition news, career history document, or other source showing she moved from one district to the other. This is a classic case of two independent data points being treated as a single connected career without corroborating evidence.",True
francisco duran,same,high,18,CONFIRMED,pass,pass,weak,weak,pass,pass,pass,pass,pass,pass,"Misclassification of evidence tiers (current district bio labeled as Tier 1 when it's Tier 3) and lack of explicit documentation of the 4-phase search strategy. However, these are procedural issues that don't undermine the substantive conclusion.",False
frank alvarez,same,high,13,QUESTIONABLE,pass,pass,weak,pass,pass,pass,pass,fail,fail,fail,"Critical timeline contradiction: The reasoning claims Alvarez was at River Vale ""early in career"" before Montclair, but the 2012 Rye hiring announcement explicitly states he came to Rye FROM River Vale, meaning River Vale was immediately before Rye (2012), not early in career. This misinterpretation of the career progression undermines the entire reasoning and could indicate the 2020-2021 River Vale position is a different Frank Alvarez.",True
frank harwood,same,high,19,CONFIRMED,pass,pass,weak,pass,pass,pass,pass,pass,pass,pass,"Minor: Search strategy documentation does not explicitly confirm Phase 1 (district domains) or Phase 4 (archive deep-dive) were attempted, though strong Tier 1 evidence makes short-circuiting acceptable.",False
frank petruzielo,same,high,17,PLAUSIBLE,pass,pass,pass,fail,pass,pass,pass,pass,weak,pass,"The evidence is strong and the conclusion is almost certainly correct, but the reasoning misclassifies Wikipedia as Tier 1 evidence when it should be Tier 2 or Tier 3. This causes the confidence calibration to be potentially overconfident. The actual evidence (comprehensive career documentation on Wikipedia plus corroborating news articles) likely justifies high confidence, but the reasoning's tier classification framework is incorrect.",False
franzy fleck,same,high,9,SUSPECT,pass,pass,weak,fail,fail,pass,pass,fail,fail,fail,"No Tier 1 evidence connects the two positions. The evidence only proves Franzy Fleck existed at East Gibson in 2010 AND someone named Franzy Fleck exists at Burbank from 2012-present, with zero documentation that they are the same person (no hiring announcement, no LinkedIn career history, no transition news, no obituary/bio mentioning both districts).",True
frederick clarke,same,high,17,PLAUSIBLE,pass,pass,weak,weak,pass,weak,pass,pass,pass,pass,"The search strategy completeness and full name verification are not fully documented. While the evidence is strong, the reasoning does not explicitly show that all 4 search phases were attempted or systematically document the tier classification of each source. Additionally, the middle name 'Charles' is confirmed at Albion but not explicitly at Manara Academy, though this is a minor concern given the consistent first+last name usage.",True
gary battles,same,high,11,QUESTIONABLE,pass,pass,weak,pass,fail,pass,pass,fail,fail,fail,"The obituary claims Gary Battles spent his ""final 10 years"" as Superintendent at ""West Nodaway Valley, MO,"" but the position record is for ""West Nodaway Co. R-I"" for only 2008-2010 (2 years). These are significant discrepancies that the reasoning ignores. No independent source was found to verify Gary Battles actually worked at West Nodaway Co. R-I specifically.",True
gary jones,same,high,4,SUSPECT,pass,fail,weak,fail,fail,fail,weak,fail,fail,fail,"For an extremely common name like 'Gary Jones', the disambiguator asserted high confidence that two superintendent positions refer to the same person based solely on career timeline plausibility. However, none of the cited sources actually link the SAME Gary Jones across districts. The evidence only proves that someone named Gary Jones held each position independently - not that it was the same person. This is a critical false connection error.",True
gary mathews,same,high,16,PLAUSIBLE,pass,pass,pass,pass,pass,pass,pass,fail,fail,pass,"The reasoning fails to address a critical discrepancy: the query specifies Rockwood R-VI in 2003, but the evidence shows Gary Mathews' tenure at Rockwood was 2001-2002. While the evidence clearly establishes that Gary Mathews worked at both districts, the year mismatch is unaddressed, making the 'same' prediction potentially incorrect if the 2003 date is accurate and represents a different superintendent.",True
gary mathews,same,high,20,CONFIRMED,pass,pass,pass,pass,pass,pass,pass,pass,pass,pass,"None. This is an exemplary disambiguation with strong, multi-source evidence.",False
gary mathews,same,high,19,CONFIRMED,pass,pass,weak,pass,pass,pass,pass,pass,pass,pass,"The Rockwood date discrepancy (resume shows 2001-2002 vs Position 2 record shows 2003) is a minor inconsistency that should be resolved. While the resume is likely correct given corroboration from the news article, the reasoning should more explicitly address whether the position record contains an error or if there's a transitional period explanation. Additionally, the search strategy phases are not documented, making it unclear whether district-specific verification was attempted.",False
gary nightingale,same,high,6,SUSPECT,pass,pass,weak,fail,fail,fail,weak,fail,fail,fail,"The prediction 'same' with 'high confidence' is based on weak circumstantial evidence (Tier 3-4 only) with no corroborating sources linking the two positions. The reasoning treats timeline plausibility and geographic proximity as definitive proof, violating multiple evidence quality standards.",True
gary richards,same,high,6,SUSPECT,pass,fail,pass,fail,fail,fail,pass,fail,fail,fail,"The critical flaw is that NO evidence explicitly connects Gary G. Richards (Wilton CT) to Gary Richards (Dryden MI). The reasoning acknowledges a different Gary Richards in Imlay City MI (2007-2013), then cites a Times Herald article mentioning Imlay City and Dryden, but doesn't explain why this article refers to the Wilton CT Gary Richards rather than the other Michigan Gary Richards. This is a logical gap - the key evidence (Times Herald) could easily refer to the wrong Gary Richards.",True
gary schurz,same,high,5,SUSPECT,pass,pass,fail,fail,fail,fail,weak,fail,fail,fail,"No direct evidence was provided that Gary Schurz was superintendent at Potosi R-III in 2003. The reasoning claims this as fact but cites only a Missouri principal association page (about principal recognition, not superintendent positions) and makes an unsourced quote claim. The high confidence prediction is based on timeline plausibility (Tier 4 evidence) and a single 2007 Illinois salary document, with no verification of the Potosi tenure.",True
geoffrey gordon,same,high,14,PLAUSIBLE,pass,pass,weak,weak,weak,weak,pass,pass,fail,pass,"Only one Tier 1 source explicitly connects both positions, yet the reasoning claims ""2+ Tier 1 sources"" and assigns ""high confidence."" The NorthJersey.com article is the only source that actually mentions both Port Washington and Alpine. The others reference only one position or provide partial name matches. This is a significant evidence classification and corroboration issue that overstates the strength of the evidence.",True
geoffrey gordon,same,high,11,QUESTIONABLE,pass,pass,weak,pass,fail,pass,pass,fail,fail,fail,"The disambiguator claims 'overwhelming evidence' and 'clear connections' but no source explicitly states that the Geoffrey Gordon at Port Washington is the same person as the Geoffrey Gordon at Northern Valley. Each source discusses only ONE district. The connection is inferred from timeline plausibility and career progression assumptions, not from explicit documentation. This is a critical gap for a high-confidence 'same' prediction.",True
geoffrey gordon,same,high,20,CONFIRMED,pass,pass,pass,pass,pass,pass,pass,pass,pass,pass,"None. This is an exceptionally strong disambiguation with multiple independent Tier 1 sources, including a North Jersey News article that explicitly lists Port Washington as part of Geoffrey Gordon's career history before arriving at Riverdale. The full name with middle initial is consistently verified across both positions, and the timeline (retiring from Port Washington in 2012, interim at Riverdale in 2018-2019) is logically consistent.",False
geoffrey gordon,same,high,18,CONFIRMED,pass,pass,weak,pass,pass,weak,pass,pass,pass,pass,"Minor documentation gaps: search phases not explicitly described, and full name verification at Tenafly could be more explicit. However, these are procedural documentation issues rather than evidentiary flaws.",False
george griffith,same,high,15,PLAUSIBLE,pass,pass,pass,weak,weak,fail,pass,pass,weak,pass,"The primary concern is that the 'same' prediction relies heavily on US Search database (a Tier 3 source) to establish the career progression linkage between districts, while full name verification at Arapahoe Public Schools is incomplete (NE Dept of Ed directory only shows 'Griffith, George Supt' without confirming first name).",True
george steffen,same,high,18,CONFIRMED,pass,pass,weak,pass,pass,pass,pass,pass,weak,pass,"Minor timeline discrepancy: Position 2 states 2008-2014, but sources (particularly Kenosha News article) suggest tenure extended into 2015. The WASB profile indicates 2006-2014/2015 at Trevor-Wilmot. This doesn't invalidate the 'same' prediction but represents a small inconsistency in the evidence.",False
george zimmer,same,high,11,QUESTIONABLE,pass,pass,weak,fail,pass,pass,pass,fail,fail,fail,"The primary evidence (WordPress bio) actually refers to Richmond School District in Richmond, ILLINOIS, not Richmond, WISCONSIN. The reasoning incorrectly cites this as proof of the Wisconsin connection. Only the book foreword clearly mentions the Wisconsin position, creating a single-source situation that doesn't support 'high confidence.'",True
gerald hill,same,high,20,CONFIRMED,pass,pass,pass,pass,pass,pass,pass,pass,pass,pass,None - this is an exemplary disambiguation with multiple independent Tier 1 sources explicitly connecting the positions.,False
gerald stegall,same,high,12,QUESTIONABLE,pass,pass,pass,pass,weak,fail,pass,weak,fail,fail,"The first name ""Gerald"" was never verified at Simms ISD. The alumni PDF only lists last names, so this could be any Stegall. High confidence ""same"" prediction without first name verification at the first position is a major flaw.",True
greg rasmussen,same,high,19,CONFIRMED,pass,pass,pass,pass,pass,pass,pass,pass,weak,pass,"Minor name variation between sources (Greg K. Rasmussen vs. Rasmussen, Greg) suggests confidence should be Medium rather than High, though the evidence strongly supports the same-person conclusion.",False
gregory little,same,high,10,QUESTIONABLE,pass,weak,pass,weak,weak,fail,pass,weak,fail,fail,"The critical flaw is the missing link between the two positions. The evidence establishes Gregory Little was superintendent in Windsor Locks (retired 2009) and Greg Little was superintendent in Mount Airy (hired 2011), but there is NO evidence these are the same person. The reasoning assumes identity based on name similarity and timeline plausibility alone, which is insufficient for a moderately common name. Additionally, the reasoning incorrectly asserts \""Gregory W. Little\"" when only \""Gregory Little\"" and \""Greg Little\"" are verified. The 2-year gap (retirement in CT, new position in NC) is not explained and could indicate different people.",True
gregory thornton,same,high,19,CONFIRMED,pass,pass,weak,pass,pass,pass,pass,pass,pass,pass,"No significant concerns. This is a well-documented case with multiple Tier 1 sources consistently confirming the same career progression. The only minor gap is lack of explicit search phase documentation, but the evidence quality is excellent.",False
gregory wright,same,high,18,CONFIRMED,pass,pass,weak,pass,pass,pass,pass,pass,weak,pass,"Search strategy appears incomplete - reasoning relies entirely on news articles without evidence of attempting district domain verification, LinkedIn career history checks, or archive deep-dive. While the news sources are strong, high confidence would be better supported with at least one official district source (hiring announcement, staff page, board minutes) or professional profile confirmation.",True
grenita lathan,same,high,18,CONFIRMED,pass,pass,pass,weak,pass,pass,pass,pass,weak,pass,"Evidence tiering misclassification - Springfield district website and Wikipedia incorrectly elevated to Tier 1, when they should be Tier 2-3. This leads to overconfident 'high' designation when 'medium' better matches the actual evidence strength (1 strong news source + current district bio).",False
grenita lathan,same,high,20,CONFIRMED,pass,pass,pass,pass,pass,pass,pass,pass,pass,pass,"Minor timeline discrepancy: The prediction states 2009-2013 for Peoria, but sources indicate she served from 2010-2015. This suggests the district record is incomplete or inaccurate, not that the identification is wrong. The reasoning correctly notes the timeline alignment with the 2018-2020 Houston period, but doesn't explicitly flag the Peoria date mismatch. However, this doesn't affect the core identity determination.",False
grenita lathan,same,high,19,CONFIRMED,pass,pass,pass,weak,pass,pass,pass,pass,pass,pass,"Minor concern: The reasoning incorrectly classifies district websites as Tier 1 sources when they are Tier 3 (current bios only). However, this is a classification error rather than an evidence quality issue, since actual Tier 1 sources (ABC13 transition news, News-Leader hiring announcement) are present and provide the needed corroboration.",False
harry griffith,same,high,19,CONFIRMED,pass,pass,weak,pass,pass,pass,pass,pass,pass,pass,"Minor concern: The reasoning doesn't explicitly document the systematic search phases, though the quality of evidence found suggests thorough searching was performed.",False
harry griffith,same,high,20,CONFIRMED,pass,pass,pass,pass,pass,pass,pass,pass,pass,pass,"None - this is an exemplary disambiguation with strong, multiple independent sources clearly documenting the career progression.",False
heath morrison,same,high,19,CONFIRMED,pass,pass,pass,pass,pass,weak,pass,pass,pass,pass,"Minor concern about explicit full name verification at both districts, but overall evidence is very strong.",False
henry eggert,same,high,19,CONFIRMED,pass,pass,weak,pass,pass,pass,pass,pass,pass,pass,"Minor concern: Search strategy phases not explicitly documented, though evidence coverage is comprehensive.",False
henry eggert,same,high,18,CONFIRMED,pass,pass,weak,pass,pass,pass,pass,pass,weak,pass,"The evidence confirms Henry Eggert held both positions independently, but doesn't explicitly show it's the same person moving between districts. The 2-year gap (2004-2006) lacks documentation.",False
ian roberts,same,high,19,CONFIRMED,pass,pass,weak,pass,pass,pass,pass,pass,pass,pass,"None major - the case is well-supported with multiple independent, high-quality sources directly confirming the career move.",False
ibrahim sel,same,high,9,SUSPECT,pass,pass,fail,weak,fail,weak,pass,weak,fail,fail,"The high confidence 'same' prediction relies on a single document connecting both districts across a 17-year span, with insufficient individual verification of the person's actual role at Harmony Science Academy in 2002-2005.",True
ibrahim sel,same,high,5,SUSPECT,pass,weak,fail,fail,fail,fail,weak,weak,fail,fail,"The high confidence 'same' prediction rests on a single questionable database source that doesn't explicitly verify Ibrahim Sel's role at Harmony Science Academy. The reasoning incorrectly assumes network affiliation equals identity, and fails to provide Tier 1 evidence or proper corroboration.",True
jake long,same,high,19,CONFIRMED,pass,pass,weak,pass,pass,pass,pass,pass,pass,pass,"Timeline discrepancy: Position 1 listed as 2016-2021, but evidence shows Long was still at Mountain Home through June 2023. This suggests incomplete position data but doesn't invalidate the core conclusion.",False
james boyle,same,high,9,SUSPECT,pass,weak,fail,weak,fail,pass,pass,weak,fail,fail,The reasoning constructs a plausible career narrative but lacks any direct evidence connecting the Illinois superintendent to the Texas interim superintendent. High confidence is unjustified given only circumstantial evidence.,True
james crisfield,same,high,20,CONFIRMED,pass,pass,pass,pass,pass,pass,pass,pass,pass,pass,None - this is an exemplary disambiguation with strong evidence and proper methodology,False
james feil,same,high,19,CONFIRMED,pass,pass,weak,pass,pass,pass,pass,pass,pass,pass,No significant concerns - this is a well-documented case with definitive evidence.,False
james feil,same,high,19,CONFIRMED,pass,pass,weak,pass,pass,pass,pass,pass,pass,pass,None significant - this is a well-supported disambiguation with strong evidence.,False
james lombardo,same,high,16,PLAUSIBLE,pass,pass,fail,weak,pass,pass,pass,pass,weak,pass,"Overconfidence in conclusion based primarily on one definitive source (NBC News) despite having multiple supporting documents. The search methodology isn't documented, making it hard to verify completeness.",False
james merrill,same,high,19,CONFIRMED,pass,pass,weak,pass,pass,pass,pass,pass,pass,pass,"Minor weakness in not explicitly documenting the search strategy phases, but this is a minor issue given the strength of evidence found.",False
james merrill,same,high,17,PLAUSIBLE,pass,weak,fail,pass,pass,pass,pass,pass,pass,pass,"The main weakness is the failure to document the systematic search approach through all phases. While the evidence found is strong, the reasoning doesn't show the methodical process that would demonstrate thoroughness.",False
james merrill,same,high,19,CONFIRMED,pass,weak,pass,pass,pass,pass,pass,pass,pass,pass,Minor weakness in name commonality calibration - doesn't explicitly justify why standard verification was sufficient for this moderately common name.,False
james opiekun,same,high,19,CONFIRMED,pass,pass,weak,pass,pass,pass,pass,pass,pass,pass,None significant - this is a well-documented case with strong corroborating evidence.,False
james palmer,same,high,9,SUSPECT,pass,pass,weak,fail,fail,pass,pass,fail,fail,fail,"The obituary evidence actually describes a DIFFERENT James Palmer who worked in Oklahoma schools, not the Burton ISD superintendent. This creates a fundamental contradiction - the reasoning treats evidence of different people as proof they're the same person.",True
james parla,same,high,19,CONFIRMED,pass,pass,weak,pass,pass,pass,pass,pass,pass,pass,None significant - this is a well-documented case with multiple Tier 1 sources explicitly confirming the same person moved between districts.,False
james sharpe,same,high,7,SUSPECT,pass,fail,weak,fail,fail,weak,pass,weak,fail,fail,"The prediction 'same' with high confidence is dangerously unsupported. James Sharpe is a moderately common name, yet the reasoning relies entirely on Tier 3-4 circumstantial evidence (timeline, geography) without any Tier 1-2 sources that would directly link the two positions to the same individual.",True
james stroder,same,high,19,CONFIRMED,pass,pass,weak,pass,pass,pass,pass,pass,pass,pass,"The reasoning appears solid overall, with strong Tier 1 evidence from multiple independent sources. The only minor weakness is lack of explicit documentation of the 4-phase search process, though the evidence suggests thorough searching was conducted.",False
james tracy,same,high,19,CONFIRMED,pass,pass,weak,pass,pass,pass,pass,pass,pass,pass,"Minor concern that search strategy wasn't fully documented (phases 3-4 not mentioned), but the evidence found is strong enough to support high confidence.",False
janet neufeld,same,high,5,SUSPECT,pass,pass,fail,fail,fail,fail,weak,fail,fail,fail,"The reasoning overstates the evidence strength. The Pawhuska article mentioning '30 years in Kansas' doesn't explicitly confirm Twin Valley tenure, and the Kansas budget articles don't mention Janet Neufeld by name in available snippets. No district domain verification was performed.",True
janet stutz,same,high,14,PLAUSIBLE,pass,pass,weak,pass,pass,fail,fail,pass,weak,pass,Missing full name verification at Grinnell-Newburg district and inadequate URL evidence to support the strong claims made.,True
jason cline,same,high,19,CONFIRMED,pass,pass,weak,pass,pass,pass,pass,pass,pass,pass,"The reasoning is very strong but doesn't explicitly document the search phases. However, the evidence found is comprehensive and definitive.",False
jay smith,same,high,14,PLAUSIBLE,pass,weak,fail,pass,pass,weak,pass,pass,weak,weak,"The main concern is the lack of systematic search methodology documentation and insufficient explicit verification of full names at both districts. While the evidence quality is good, the reasoning doesn't demonstrate thorough search processes or show explicit full name matching in official district records.",True
jay smith,same,high,5,SUSPECT,pass,fail,weak,fail,fail,fail,pass,fail,fail,fail,No direct evidence connects the Texas 'Jay Smith' to the Illinois 'Jay P. Smith' - they could be different people. The reasoning makes unsupported assumptions about name progression and treats independent verification of two separate people as evidence they're the same person.,True
jean broadwater,same,high,16,PLAUSIBLE,pass,pass,fail,weak,pass,pass,pass,pass,weak,pass,Missing systematic search strategy documentation and potentially overconfident classification of some evidence as Tier 1.,False
jean claude brizard,same,high,19,CONFIRMED,pass,pass,weak,pass,pass,pass,pass,pass,pass,pass,None - this is a well-documented case with overwhelming evidence from multiple independent sources.,False
jeff craig,same,high,19,CONFIRMED,pass,pass,pass,pass,pass,pass,weak,pass,pass,pass,"Minor concern about URL verification - while the URLs appear legitimate and relevant, the LinkedIn profile accessibility was not explicitly confirmed. However, this is a minor issue as the two news articles provide sufficient independent corroboration.",False
jeff perry,same,high,19,CONFIRMED,pass,pass,pass,pass,pass,pass,pass,pass,weak,pass,"The key concern is that the confidence level may be slightly overcalibrated as ""high"" given minor but non-trivial timeline discrepancies. The position dates (2010-2014 and 2017-2021) don't perfectly align with the source-reported dates (2008-2015 for Wise County and 2018-2022 for Hamblen County). While the overall career progression is well-documented and the name discrepancy is resolved, these date variations suggest ""medium"" confidence would be more appropriate than ""high.""",False
jeffrey alstadt,same,high,20,CONFIRMED,pass,pass,pass,pass,pass,pass,pass,pass,pass,pass,"The Shaw Local article is dated 2025, which is unusual for a current investigation. This appears to be about a future superintendent appointment at Streator Elementary and mentions Alstadt's background. While this doesn't invalidate the core evidence, it warrants verification to ensure the source is legitimate and not a system error or placeholder content.",False
jeffrey cassell,same,high,7,SUSPECT,pass,weak,weak,weak,fail,fail,pass,fail,fail,fail,"The reasoning claims full name verification was achieved, but the middle initials are different (Jeffrey S. Cassell vs Dr. Jeffrey D. Cassell). This is a fundamental discrepancy that makes it highly likely these are two different people with similar names in the education field. The disambiguator dismissed this as ""common variation"" without providing evidence that the middle initial changed or that one source was incorrect.",True
jeffrey mccartney,same,high,19,CONFIRMED,pass,pass,weak,pass,pass,pass,pass,pass,pass,pass,Weak documentation of search strategy phases - unclear if comprehensive search was conducted or if strong Tier 1 evidence caused premature search termination.,False
jeffrey mccartney,same,high,17,PLAUSIBLE,pass,pass,weak,pass,pass,pass,fail,pass,pass,pass,"The Flagler Live resume URL appears to be from Florida and may not be relevant to the Illinois/Wisconsin superintendent, raising questions about source verification.",False
jeffrey weaver,same,high,10,QUESTIONABLE,pass,weak,fail,pass,pass,fail,pass,weak,fail,fail,The critical flaw is assuming 'Jeffrey Weaver' and 'Jeffrey W. Weaver' are the same person without verifying the middle initial. This could be two different people with the same common name.,True
jeffrey weaver,same,high,18,CONFIRMED,pass,pass,weak,pass,pass,weak,pass,pass,pass,pass,"The reasoning doesn't explicitly verify the full name (including middle initial) at both districts, though this is a minor concern given the strong career continuity evidence.",False
jere hochman,same,high,19,CONFIRMED,pass,pass,weak,pass,pass,pass,pass,pass,pass,pass,"None significant - this is a well-supported disambiguation with strong, direct evidence from an official NY State Education Department document explicitly connecting both superintendent positions.",False
jerry chambers,same,high,19,CONFIRMED,pass,pass,weak,pass,pass,pass,pass,pass,pass,pass,None significant - this appears to be a well-documented case with strong explicit evidence from multiple independent sources.,False
jerry jennex,same,high,20,CONFIRMED,pass,pass,pass,pass,pass,pass,pass,pass,pass,pass,"None identified. This is a well-researched disambiguation with strong, multi-source evidence supporting the conclusion.",False
jerry parrett,same,high,11,QUESTIONABLE,pass,pass,weak,fail,pass,pass,fail,weak,weak,fail,"The Delaware Online URL appears to be about Delaware, not Arkansas, and may reference a different Jerry Parrett. This casts doubt on the entire evidence chain. Geographic proximity is also inappropriately used as evidence.",True
jerry schutz,same,high,18,CONFIRMED,pass,pass,weak,pass,pass,pass,weak,pass,pass,pass,"Minor concern about search completeness and irrelevant Wikipedia URL, but core evidence is strong and appropriate.",False
jerry schutz,same,high,19,CONFIRMED,pass,pass,weak,pass,pass,pass,pass,pass,pass,pass,"The reasoning is quite strong overall. The only minor weakness is not explicitly documenting the 4-phase search strategy, but the evidence shows comprehensive searching was done.",False
jim tankersley,same,high,17,PLAUSIBLE,pass,pass,weak,pass,pass,pass,weak,pass,pass,weak,"Evidence URL quality - one URL appears unrelated to superintendent verification (athletic facilities), and the Arkansas DOE link is a generic download index rather than specific content.",False
joann andrees,same,high,19,CONFIRMED,pass,pass,weak,pass,pass,pass,pass,pass,pass,pass,"Minor weakness in explicitly documenting the search strategy phases, though evidence suggests thorough searching was conducted.",False
joel applegate,same,high,12,QUESTIONABLE,pass,pass,weak,weak,pass,fail,pass,weak,weak,fail,"The reasoning fails to verify that the full name 'Joel Applegate' appears at Oberlin USD 294, only confirming 'Dr. Joel Applegate'. This is a critical gap - we need to ensure the first name 'Joel' is explicitly documented at Oberlin, not just assumed.",True
john allison,same,high,19,CONFIRMED,pass,pass,weak,pass,pass,pass,pass,pass,pass,pass,None - this is a well-supported disambiguation with strong corroborating evidence from independent sources.,False
john allison,same,high,19,CONFIRMED,pass,pass,weak,pass,pass,pass,pass,pass,pass,pass,"Minor concern: The reasoning doesn't explicitly document the 4-phase search strategy, though the evidence quality suggests thorough searching was performed.",False
john barrett,same,high,19,CONFIRMED,pass,weak,pass,pass,pass,pass,pass,pass,pass,pass,The LinkedIn URL appears specific but we cannot verify it actually shows the career progression claimed. A rerun to confirm the LinkedIn profile content would strengthen confidence.,True
john bell,same,high,19,CONFIRMED,pass,pass,weak,pass,pass,pass,pass,pass,pass,pass,"Minor concern about search strategy documentation, but evidence quality is excellent.",False
john brazell,same,high,15,PLAUSIBLE,pass,pass,weak,pass,weak,pass,fail,pass,weak,pass,"The evidence URL provided is a generic AP News page, not the specific article about John Brazell. Without the actual article URL, we cannot verify the claims made about his career trajectory.",True
john deiter,same,high,19,CONFIRMED,pass,pass,weak,pass,pass,pass,pass,pass,pass,pass,"Minor weakness in not explicitly documenting the search strategy phases, but this doesn't affect the conclusion",False
john eyerly,same,high,19,CONFIRMED,pass,pass,pass,pass,pass,pass,weak,pass,pass,pass,One evidence URL (Wisconsin DPI expulsion record) appears unrelated to John Eyerly's employment verification,False
john fitzsimons,same,high,18,CONFIRMED,pass,weak,weak,pass,pass,pass,pass,pass,pass,pass,"Minor gap: no explicit documentation of search phases or name frequency analysis, but this doesn't significantly weaken the strong evidence base.",False
john goetz,same,high,16,PLAUSIBLE,pass,pass,fail,pass,pass,weak,pass,pass,weak,pass,Incomplete search strategy - missing Phase 1 (district domain verification) and Phase 3 (full name verification at both districts). High confidence may be overstated for Tier 2-only evidence.,True
john hill,same,high,8,SUSPECT,pass,pass,fail,weak,weak,fail,fail,pass,fail,fail,"Critical evidence (Our Midland transition articles) is claimed but not provided via URLs, making the entire conclusion unverifiable. The provided URLs only show 2008 directory listings, not the career transition documentation.",True
john key,same,high,6,SUSPECT,pass,fail,pass,weak,fail,fail,weak,fail,fail,fail,No actual evidence connecting the two positions - just parallel verification that someone named John Key held each role separately. The reasoning assumes these must be the same person based on name similarity and timeline plausibility alone.,True
john marshall,same,high,7,SUSPECT,pass,fail,weak,pass,fail,fail,pass,fail,fail,fail,"The middle initials don't match (John W. vs John R.), which strongly suggests these are different people. The reasoning incorrectly dismisses this discrepancy without evidence, and the confidence is wildly overcalibrated for the weak evidence presented.",True
john marshall,same,high,8,SUSPECT,pass,fail,weak,fail,fail,pass,pass,weak,fail,fail,"For a very common name like John Marshall, high confidence 'same' based only on Tier 3 evidence (district documents) is insufficient. The system failed to find or attempt to find Tier 1 sources (LinkedIn, hiring announcements) that could definitively establish identity.",True
john marshall,same,high,7,SUSPECT,pass,fail,weak,weak,fail,weak,pass,fail,fail,fail,"The prediction relies on insufficient evidence for a very common name and ignores the significant implausibility of someone retiring at 59, then starting a new superintendent career at age 66 after 7 years out of the workforce.",True
john perdue,same,high,20,CONFIRMED,pass,pass,pass,pass,pass,pass,pass,pass,pass,pass,None - this is an exemplary disambiguation with strong evidence and proper reasoning.,False
john phillips,same,high,18,CONFIRMED,pass,pass,fail,pass,pass,pass,pass,pass,pass,pass,"The reasoning is sound and evidence is strong, but the search strategy appears incomplete. Only 2 sources were found without evidence of systematic searching across all 4 phases.",False
john ramos,same,high,19,CONFIRMED,pass,pass,weak,pass,pass,pass,pass,pass,pass,pass,"Minor concern: The reasoning doesn't explicitly document the 4-phase search strategy, though the evidence breadth suggests comprehensive searching was performed.",False
john sawyer,same,high,13,QUESTIONABLE,pass,weak,weak,pass,weak,fail,pass,pass,fail,pass,"The Chicago Tribune article mentions Texas background but doesn't specify it was La Porte ISD. Without full name verification at both districts, this could be two different John Sawyers who both happened to be superintendents in Texas and Illinois respectively.",True
john sawyer,same,high,5,SUSPECT,pass,weak,fail,fail,fail,fail,pass,fail,fail,fail,The reasoning fails to establish that 'John Sawyer' in Texas is the same individual as 'Dr John Sawyer III' in Illinois. The timeline overlap between Harris County (2003-2014) and Sandridge (2007-2012) creates an impossible situation that's dismissed as 'common' without evidence.,True
john stanford,same,high,20,CONFIRMED,pass,pass,pass,pass,pass,pass,pass,pass,pass,pass,None - this is a well-documented case with strong evidence.,False
john stover,same,high,19,CONFIRMED,pass,pass,weak,pass,pass,pass,pass,pass,pass,pass,None identified - this appears to be a well-researched case with strong evidence.,False
john thompson,same,high,9,SUSPECT,pass,fail,weak,pass,fail,weak,pass,weak,fail,fail,"High confidence prediction for common name with insufficient cross-state verification - only one source (GovSalaries) attempts to link the Arkansas and Michigan positions, which is inadequate for a common name like John Thompson.",True
john walker,same,high,3,SUSPECT,pass,fail,fail,fail,fail,fail,weak,fail,fail,fail,"The reasoning makes a definitive connection between two John Walkers based on extremely weak evidence - one newspaper article and a Wikipedia entry. For such a common name, this is insufficient to establish identity, and the MHSAA PDF appears irrelevant to superintendent records.",True
john weaver,same,high,14,PLAUSIBLE,pass,weak,fail,pass,pass,fail,pass,pass,weak,pass,"The reasoning fails to demonstrate comprehensive search strategy completion and lacks explicit full name verification at both districts. While the evidence points in the right direction, the high confidence may be overstated given these methodological gaps.",True
john weidner,same,high,17,PLAUSIBLE,pass,pass,fail,pass,pass,weak,pass,pass,pass,pass,The search strategy documentation is missing - the reasoning presents evidence without explaining how it was systematically gathered through the required 4-phase approach.,False
john whetzal,same,high,13,QUESTIONABLE,pass,pass,weak,fail,fail,pass,pass,pass,fail,pass,Overconfidence in prediction based on insufficient evidence tier - treating Tier 2-3 sources as definitive for high confidence 'same' determination,True
johnny brown,same,high,19,CONFIRMED,pass,pass,weak,pass,pass,pass,pass,pass,pass,pass,"The reasoning is strong overall, with multiple independent sources confirming the same person. The only minor weakness is not explicitly documenting the 4-phase search strategy, though the evidence suggests a thorough search was conducted.",False
johnny james,same,high,8,SUSPECT,pass,fail,fail,pass,fail,pass,pass,fail,fail,fail,"The reasoning commits the fundamental error of assuming identity from separate verification. It proves 'a Johnny James' existed at each district but never proves it's the SAME Johnny James. For a moderately common name, this is insufficient for high confidence.",True
jonathan raymond,same,high,19,CONFIRMED,pass,pass,weak,pass,pass,pass,pass,pass,pass,pass,"Minor concern: The search strategy documentation could be more explicit about following the 4-phase protocol, but the evidence quality is strong.",False
joseph dyer,same,high,19,CONFIRMED,pass,pass,weak,pass,pass,pass,pass,pass,pass,pass,"The search strategy appears incomplete - only direct connection searches were documented, missing the systematic 4-phase approach. However, the Tier 1 evidence found was sufficient for the conclusion.",False
joseph geletka,same,high,20,CONFIRMED,pass,pass,pass,pass,pass,pass,pass,pass,pass,pass,No significant concerns identified. This is a well-documented case with strong evidence.,False
joseph jones,same,high,20,CONFIRMED,pass,pass,pass,pass,pass,pass,pass,pass,pass,pass,"None - this is an exemplary disambiguation with strong, well-documented evidence.",False
joseph long,same,high,7,SUSPECT,pass,pass,weak,fail,weak,weak,fail,fail,fail,fail,"The reasoning contains a critical timeline contradiction - claiming retirement in 2026 while the case specifies 2020-2024 tenure. Additionally, the provided URLs don't contain the specific evidence claimed in the reasoning, particularly the newspaper quotes about career connections. This suggests the evidence may be fabricated or misinterpreted.",True
joseph lopez,same,high,4,SUSPECT,fail,fail,weak,weak,weak,fail,weak,fail,fail,fail,"The evidence appears to mix sources about potentially different people, with one URL from New York that seems unrelated. For a common name like Joseph Lopez, the confidence is grossly overcalibrated given the weak and possibly conflicting evidence.",True
joseph meloche,same,high,19,CONFIRMED,pass,pass,weak,pass,pass,pass,pass,pass,pass,pass,"Minor methodological documentation issue - doesn't explicitly show the 4-phase search process, but evidence quality is excellent.",False
joseph petrella,same,high,18,CONFIRMED,pass,pass,weak,pass,pass,pass,weak,pass,pass,pass,URL verification needed - some URLs (CBS Pittsburgh legal case) may not directly support the superintendent claims without full context.,False
joseph ricca,same,high,20,CONFIRMED,pass,pass,pass,pass,pass,pass,pass,pass,pass,pass,"None - this is an exemplary disambiguation with strong, corroborated evidence.",False
joseph ricca,same,high,19,CONFIRMED,pass,pass,weak,pass,pass,pass,pass,pass,pass,pass,"The only minor weakness is lack of explicit documentation showing the systematic search through all 4 phases. While the evidence found is excellent, the reasoning would be stronger if it showed the methodical progression through search phases or explained why earlier phases were sufficient to conclude.",False
joylynn pruitt adams,same,high,19,CONFIRMED,pass,pass,weak,pass,pass,pass,pass,pass,pass,pass,None - this is a well-supported disambiguation with strong evidence from authoritative sources,False
julie harrelson,same,high,10,QUESTIONABLE,pass,pass,fail,fail,weak,pass,pass,weak,fail,fail,The high confidence prediction relies on a Tier 3 district bio that vaguely mentions 'another small Georgia district' without explicitly naming Dooly County. This is insufficient evidence to definitively link the two superintendent positions across state lines.,True
june chang,same,high,19,CONFIRMED,pass,pass,weak,pass,pass,pass,pass,pass,pass,pass,"Minor: Search strategy documentation could be more explicit about verifying full names at both district domains, though evidence suggests this was accomplished implicitly.",False
justin lockwood,same,high,9,SUSPECT,pass,pass,fail,pass,fail,fail,pass,weak,fail,fail,Overconfidence from single source without verification at district level.,True
karen garza,same,high,20,CONFIRMED,pass,pass,pass,pass,pass,pass,pass,pass,pass,pass,None identified - this is an exemplary disambiguation with multiple independent Tier 1 sources confirming the same person's career progression.,False
kathleen williams,same,high,20,CONFIRMED,pass,pass,pass,pass,pass,pass,pass,pass,pass,pass,"None identified - this is an exemplary disambiguation with strong, multi-source evidence and proper confidence calibration.",False
kathy dinger,same,high,20,CONFIRMED,pass,pass,pass,pass,pass,pass,pass,pass,pass,pass,None - this is an exemplary disambiguation with strong evidence from multiple independent sources.,False
kay royster,same,high,19,CONFIRMED,pass,pass,weak,pass,pass,pass,pass,pass,pass,pass,"None - this is an exemplary disambiguation with strong, direct evidence connecting both positions.",False
keith custer,same,high,13,QUESTIONABLE,pass,weak,fail,pass,weak,pass,pass,pass,fail,weak,"High confidence not supported by evidence - only one independent source (LinkedIn) connects the two positions, with a 5-year gap between them (2011-2016) that's unexplained.",True
keith marty,same,high,18,CONFIRMED,pass,pass,weak,weak,pass,pass,pass,pass,pass,pass,The reasoning claims 10 years at Menomonee Falls but position record only shows 2008-2010. Also claims retirement in 2025 but position record ends 2024. These timeline discrepancies in the reasoning narrative don't match the actual position data being evaluated.,False
keith miles,same,high,19,CONFIRMED,pass,pass,weak,pass,pass,pass,pass,pass,pass,pass,None - this is a well-documented case with multiple definitive sources showing the career transition.,False
kelly carrell,same,high,12,QUESTIONABLE,pass,pass,fail,pass,weak,pass,pass,weak,fail,fail,"The reasoning relies on absence of conflicting evidence rather than positive evidence of continuity. With a 7-year gap between positions and no documentation of career progression, high confidence is unjustified. This could be two different people named Kelly Carrell.",True
kelly lampe,same,high,20,CONFIRMED,pass,pass,pass,pass,pass,pass,pass,pass,pass,pass,None - this is an exemplary case with strong evidence and sound reasoning.,False
kenneth bridges,same,high,19,CONFIRMED,pass,pass,weak,pass,pass,pass,pass,pass,pass,pass,"The Substack URL appears to be a generic homepage link rather than a specific post, which could weaken the self-documentation evidence if the content isn't directly accessible.",False
kenneth bridges,same,high,8,SUSPECT,pass,weak,fail,weak,weak,fail,pass,weak,fail,fail,The prediction relies heavily on self-reported Substack narrative without independently verifying Kenneth Bridges was actually superintendent at Syracuse district. The 'western Kansas' reference is assumed to be Syracuse without confirmation.,True
kenneth brown,same,high,5,SUSPECT,pass,fail,weak,fail,fail,weak,weak,fail,fail,fail,"The reasoning makes a high-confidence 'same' prediction for a very common name (Kenneth Brown) based on circumstantial evidence without any Tier 1 sources that actually connect the two districts. The evidence only confirms each position separately, not that they're the same person.",True
kenneth cox,same,high,11,QUESTIONABLE,pass,pass,weak,fail,pass,fail,pass,weak,fail,weak,"The reasoning relies entirely on Tier 2 sources (archived news articles) yet claims high confidence, and fails to explicitly verify the full name Kenneth Cox at both districts, using 'Ken Cox' interchangeably without clear identity confirmation.",True
kenneth hall,same,high,9,SUSPECT,pass,pass,weak,fail,fail,weak,pass,weak,fail,fail,"The reasoning makes a critical unproven assumption that 'HALL, RICHARD D.' is a recording error for 'Kenneth Hall' without substantial evidence. This could be two different people with the same last name at Early County, especially given the gap between 1999-2000 and 2007-2009.",True
kenneth hamilton,same,high,13,QUESTIONABLE,pass,weak,weak,pass,pass,pass,pass,fail,weak,fail,"The reasoning claims 'perfect chronological alignment' and '5 years (2009-2014)' at Monroe Township, but Position 1 clearly states 2011-2014. This 2-year discrepancy is unaddressed yet confidence remains high. This could indicate different people or data errors that weren't investigated.",True
kenneth hamilton,same,high,19,CONFIRMED,pass,pass,weak,pass,pass,pass,pass,pass,pass,pass,None significant - this appears to be a well-documented case with strong Tier 1 evidence.,False
kenneth spells,same,high,19,CONFIRMED,pass,pass,weak,pass,pass,pass,pass,pass,pass,pass,"The only minor concern is the lack of documented search strategy, but this doesn't significantly impact the strong evidence found.",False
kenneth vaughn,same,high,18,CONFIRMED,pass,pass,weak,pass,pass,weak,pass,pass,pass,pass,"The search strategy description is vague and doesn't clearly document the 4-phase approach, though the evidence found is strong.",False
kent edwards,same,high,20,CONFIRMED,pass,pass,pass,pass,pass,pass,pass,pass,pass,pass,No significant concerns identified. The reasoning appears sound and well-supported by multiple independent sources.,False
kent mutchler,same,high,19,CONFIRMED,pass,pass,pass,pass,pass,pass,pass,weak,pass,pass,Minor timeline discrepancy between evidence (2002-2006) and input data (2004-2005) for Ankeny tenure not addressed in reasoning,False
kevin cogdill,same,high,19,CONFIRMED,pass,pass,pass,pass,pass,pass,pass,weak,pass,pass,"Timeline discrepancy between position data (2005-2014, 2017-2018) and reasoning (claims service until 2019) needs resolution",False
kevin singer,same,high,16,PLAUSIBLE,pass,pass,pass,pass,pass,pass,fail,pass,weak,weak,The ABC News URL appears to be fabricated or incorrect - the format doesn't match typical ABC News story URLs. This casts doubt on one of the key evidence pieces supporting the Texas position.,True
kimberly lingenfelter,same,high,19,CONFIRMED,pass,pass,weak,pass,pass,pass,pass,pass,pass,pass,The reasoning is strong but would benefit from explicitly documenting the search phases for full transparency. The evidence is compelling and the conclusion appears well-supported.,False
kirk ahrends,same,high,9,SUSPECT,pass,pass,weak,fail,weak,pass,weak,fail,fail,fail,"The reasoning commits the critical error of confirming two separate facts (person A at district 1, person A at district 2) while providing ZERO evidence that these are the same person. This is the 'same name = same person' fallacy. No source actually connects Ahrends' career from Iowa to Nebraska - they just confirm his presence at each location separately.",True
kriner cash,same,high,19,CONFIRMED,pass,pass,pass,pass,pass,weak,pass,pass,pass,pass,Position 1 is vaguely listed as '(tn)' rather than explicitly 'Memphis City Schools' - the reasoning assumes Memphis based on timeline coverage but doesn't explicitly verify the specific district.,False
kristopher harrison,same,high,20,CONFIRMED,pass,pass,pass,pass,pass,pass,pass,pass,pass,pass,"No significant concerns identified - this is an exemplary disambiguation with strong, multi-source evidence.",False
lacee sell,same,high,3,SUSPECT,pass,weak,fail,fail,fail,fail,fail,fail,fail,fail,"The reasoning relies on a 2026 news article to verify positions from 2009-2015, which is impossible. This suggests either a date error in the evidence or fabricated evidence. The high confidence is completely unjustified given this fundamental flaw.",True
larry hawkins,same,high,6,SUSPECT,pass,weak,weak,weak,fail,fail,weak,fail,fail,fail,"The reasoning claims high confidence that Larry Hawkins at Mabank ISD (1993-2002) is the same person at Oklahoma School for the Deaf (2012), but has critical flaws: 1) Full name not verified at both districts (only \""LARRY K HAWKINS\"" confirmed in Texas), 2) Timeline contradictions (claims 2008 appointment vs 2012 position), 3) Only one source actually connects to Mabank ISD, 4) High confidence with minimal independent corroboration.",True
larry johnson,same,high,5,SUSPECT,pass,fail,weak,fail,fail,fail,weak,weak,fail,fail,The reasoning makes a massive leap of faith by connecting two Larry Johnson records across 13 years and multiple states without any corroborating evidence that they're the same person. This is classic overconfidence with a common name.,True
laura blessing,same,high,19,CONFIRMED,pass,pass,weak,pass,pass,pass,pass,pass,pass,pass,None significant. The evidence is strong and well-documented with multiple independent Tier 1 sources confirming the career transition.,False
laurie bandlow,same,high,20,CONFIRMED,pass,pass,pass,pass,pass,pass,pass,pass,pass,pass,None identified. This is a well-executed disambiguation with strong Tier 1 evidence (hiring announcement explicitly stating the transition) backed by multiple independent corroborating sources.,False
laurie kimbrel,same,high,19,CONFIRMED,pass,pass,weak,pass,pass,pass,pass,pass,pass,pass,None significant. This is a well-supported disambiguation with multiple independent Tier 1-2 sources providing definitive evidence that both positions refer to the same person.,False
laurie walles,same,high,20,CONFIRMED,pass,pass,pass,pass,pass,pass,pass,pass,pass,pass,"None. This is a well-executed disambiguation with strong, appropriate evidence and sound reasoning. The prediction is almost certainly correct.",False
lawrence kapugia,same,high,20,CONFIRMED,pass,pass,pass,pass,pass,pass,pass,pass,pass,pass,None identified. This is a well-supported disambiguation with strong Tier 1 evidence explicitly connecting the two positions.,False
linda iverson,same,high,18,CONFIRMED,pass,pass,pass,fail,pass,pass,pass,pass,pass,pass,"Tier classification errors: PA Auditor General report and Greenburgh CSD website were overclassified (Tier 2 vs. Tier 3), which artificially inflates the perceived evidence strength. However, the presence of two genuine Tier 1 sources (Charles County announcement and Pittsburgh Post-Gazette) that explicitly connect both districts means the conclusion remains well-supported despite the classification issues.",False
link luttrell,same,high,20,CONFIRMED,pass,pass,pass,pass,pass,pass,pass,pass,pass,pass,None identified. This is a strong disambiguation with excellent evidence.,False
logan lightfoot,same,high,19,CONFIRMED,pass,pass,pass,pass,pass,pass,pass,pass,pass,weak,"Minor timeline discrepancy: Position 2 shows 2023-2024 but sources indicate Maryville role started July 2022. The position dates appear to be incomplete/incorrect, but this doesn't affect the core conclusion that both records refer to the same person.",False
louis muenker,same,high,19,CONFIRMED,pass,pass,pass,pass,pass,pass,pass,weak,pass,pass,"Minor timeline inconsistency: reasoning states Neshaminy position was 2008-2011 and gap was 2012-2013, but evidence shows retirement in June 2012 and move to New Jersey in 2012. This doesn't affect the identity conclusion but shows imprecision in the timeline reasoning.",False
lynn johnson,same,high,18,CONFIRMED,pass,pass,weak,pass,pass,pass,weak,pass,pass,pass,"The reasoning is strong and well-supported, with a direct self-statement from the superintendent herself listing all districts. The main weakness is lack of explicit documentation of the 4-phase search process and one weak URL (opengovpay payment record). However, these are minor issues that don't undermine the conclusion.",False
magie roberts,same,high,4,SUSPECT,pass,weak,weak,fail,fail,fail,fail,fail,fail,fail,"The reasoning claims a name change (Magie Roberts to Magie Stuart) without any evidence connecting these two names. The timeline shows simultaneous employment in 2003 at districts 400+ miles apart, which is implausible. No Tier 1-2 evidence actually links the two individuals, and the URLs include articles about unrelated topics.",True
maria pitre martin,same,high,20,CONFIRMED,pass,pass,pass,pass,pass,pass,pass,pass,pass,pass,None. This is an exemplary disambiguation with exceptional evidence quality.,False
marion martinez,same,high,20,CONFIRMED,pass,pass,pass,pass,pass,pass,pass,pass,pass,pass,None - this is an exemplary disambiguation with comprehensive evidence across multiple tiers and sources.,False
mark bejot,same,high,4,SUSPECT,pass,weak,fail,fail,fail,fail,weak,fail,fail,fail,"No actual evidence found connecting Mark Bejot to the Kansas position. Only current Nebraska bio discovered, yet reasoning claims strong evidence for both positions. High confidence with zero corroborating sources.",True
mark bejot,same,high,18,CONFIRMED,pass,pass,pass,pass,pass,weak,pass,pass,weak,pass,"The NPI record for Wakeeney may not definitively confirm Mark Bejot was the superintendent (could be another authorized official role), slightly weakening the full name verification for Position 1.",False
mark daniel,same,high,20,CONFIRMED,pass,pass,pass,pass,pass,pass,pass,pass,pass,pass,"None - this appears to be a well-researched, properly documented case with strong evidence",False
mark daniel,same,high,19,CONFIRMED,pass,pass,weak,pass,pass,pass,pass,pass,pass,pass,"Minor weakness in not explicitly documenting Phase 4 archive research, but this doesn't affect the conclusion given overwhelming Tier 1 evidence.",False
mark daniel,same,high,19,CONFIRMED,pass,pass,weak,pass,pass,pass,pass,pass,pass,pass,"None significant - this is a well-supported disambiguation with strong, corroborated evidence from multiple independent sources.",False
mark evans,same,high,19,CONFIRMED,pass,pass,weak,pass,pass,pass,pass,pass,pass,pass,"None identified - this is an exemplary disambiguation with multiple strong, independent sources directly confirming the career trajectory.",False
mark johnson,same,high,19,CONFIRMED,pass,weak,pass,pass,pass,pass,pass,pass,pass,pass,The reasoning is strong but could be more explicit about addressing the common name risk factor for 'Mark Johnson'.,False
mark miles,same,high,13,QUESTIONABLE,pass,pass,weak,pass,pass,pass,pass,fail,fail,fail,"The timeline evidence directly contradicts the position dates in the query. Sources show Mark T. Miles at Indian Hill until June 2019, but Position 1 is listed as ending in 2017. This suggests either the position data is incorrect or this is a different Mark Miles entirely.",True
mark stefanik,same,high,19,CONFIRMED,pass,pass,weak,pass,pass,pass,pass,pass,pass,pass,"The reasoning is excellent with strong evidence, but would benefit from explicitly documenting the search strategy phases for full transparency.",False
marla stephenson,same,high,19,CONFIRMED,pass,pass,weak,pass,pass,pass,pass,pass,pass,pass,"Minor weakness in not explicitly documenting the 4-phase search strategy, though results indicate thorough investigation.",False
marshall lewis,same,high,4,SUSPECT,pass,weak,fail,fail,fail,fail,weak,fail,fail,fail,"The reasoning claims to have 'direct evidence' and 'multiple sources' confirming both positions are held by the same person, but provides no evidence connecting the 2004-2006 Missouri position to the current Iowa position. This appears to be a case of assuming identity based on name match and timeline plausibility alone.",True
marshall lewis,same,high,3,SUSPECT,pass,fail,fail,fail,fail,fail,weak,fail,fail,fail,The reasoning claims strong evidence and multiple sources but actually has only one source per district. There is no definitive proof that the Marshall Lewis in Missouri is the same person as the Marshall Lewis W in Nebraska - this could easily be two different people with the same name.,True
marshall lewis,same,high,11,QUESTIONABLE,pass,weak,pass,weak,fail,pass,pass,weak,fail,fail,"The reasoning fails to provide any direct evidence connecting the two positions. It relies entirely on timeline plausibility and the absence of contradictory evidence, which is insufficient for a high confidence 'same' prediction. This is a classic case of mistaking correlation for causation.",True
marshall lewis,same,high,4,SUSPECT,pass,pass,fail,fail,fail,fail,fail,fail,fail,fail,No evidence provided that Marshall Lewis ever worked at Kimball Public Schools. The entire 'same' prediction rests on unverified claims about the 2013-2016 position.,True
martin cox,same,high,19,CONFIRMED,pass,pass,pass,pass,pass,weak,pass,pass,pass,pass,"The reasoning is strong overall, but there is a minor gap in full-name verification: while \""Martin Cox\"" is confirmed at Star Charter School and \""Martin D. Cox\"" at Fillmore CSD, the middle initial \""D\"" is not explicitly shown in the Texas period documents. The reasoning explains this as a reasonable name variation, but this represents a slight weakness in Criterion 6 (Full Name Verification).",False
martin cox,same,high,3,SUSPECT,pass,fail,weak,fail,fail,fail,fail,fail,fail,fail,"The reasoning claims name consistency across sources while actually showing THREE different middle initials (R, D, and none), strongly suggesting these are different people being conflated.",True
martin handler,same,high,20,CONFIRMED,pass,pass,pass,pass,pass,pass,pass,pass,pass,pass,"Minor date discrepancies between position listing (2008-2012 and 2013-2021) and evidence sources (resignation April 2013, retirement June 2022). These do not materially affect the conclusion but suggest the input dates may be slightly off relative to actual tenure.",False
marvin wade,same,high,19,CONFIRMED,pass,pass,weak,pass,pass,pass,pass,pass,pass,pass,"Minor concern: The reasoning does not explicitly document the 4-phase search strategy, though the evidence found suggests a comprehensive search was conducted. This is a documentation issue rather than an evidence quality issue.",False
mary ann kahl,same,high,19,CONFIRMED,pass,pass,weak,pass,pass,pass,pass,pass,pass,pass,"The reasoning lacks clear documentation of the search methodology, making it difficult to verify that all appropriate search phases were attempted before reaching the conclusion.",False
matthew block,same,high,20,CONFIRMED,pass,pass,pass,pass,pass,pass,pass,pass,pass,pass,No significant concerns found - this appears to be a well-executed disambiguation with strong evidence,False
matthew friedman,same,high,20,CONFIRMED,pass,pass,pass,pass,pass,pass,pass,pass,pass,pass,No significant concerns found - this appears to be a well-documented case with strong evidence.,False
matthew wendt,same,high,19,CONFIRMED,pass,pass,weak,pass,pass,pass,pass,pass,pass,pass,"The reasoning is very strong overall, with only a minor documentation issue around explicitly stating the search strategy phases. The evidence is robust and well-corroborated.",False
matthew wendt,same,high,20,CONFIRMED,pass,pass,pass,pass,pass,pass,pass,pass,pass,pass,No significant concerns identified. This appears to be a well-documented case with strong evidence.,False
matthew wendt,same,high,18,CONFIRMED,pass,pass,pass,pass,pass,pass,pass,weak,weak,pass,"The reasoning contains an unexplained timeline contradiction: Position 1 lists 2012-2014, but the reasoning and Chicago Tribune article state he worked at Oswego until 2016. This discrepancy is not addressed or explained, creating a logical gap in the verification.",True
melinda moss,same,high,20,CONFIRMED,pass,pass,pass,pass,pass,pass,pass,pass,pass,pass,"No significant concerns found. This is an exemplary disambiguation case with strong, multi-source corroboration.",False
meria carstarphen,same,high,20,CONFIRMED,pass,pass,pass,pass,pass,pass,pass,pass,pass,pass,None identified. This is a model-quality disambiguation with exceptional evidence quality and reasoning.,False
michael alexander,same,high,6,SUSPECT,pass,weak,weak,fail,fail,fail,weak,weak,fail,fail,The reasoning fails to provide direct evidence connecting Michael Alexander at Shelbyville in 2003 to Michael Alexander at Covert in 2011-2012. It builds a plausible career narrative but doesn't verify the full name at both districts or provide Tier 1 sources showing the same person's career progression. The high confidence is unjustified given only circumstantial evidence.,True
michael bakalis,same,high,18,CONFIRMED,pass,pass,weak,pass,pass,weak,pass,pass,pass,pass,The reasoning is strong but could be more explicit about the search methodology and full name verification process.,False
michael brown,same,high,6,SUSPECT,pass,fail,weak,fail,fail,weak,weak,weak,fail,fail,"The primary concern is that this appears to be a classic case of insufficient evidence for a common name. Michael Brown is an extremely common name, yet the disambiguator claims 'high confidence' with only circumstantial evidence about current position mentioning past role. There's a critical 4-year gap between positions (2020-2024) that's completely unexplained, and the sources don't definitively connect the specific Michael Brown who was superintendent at Boyd County 2017-2020 with the current East Mills superintendent.",True
michael brown,same,high,12,QUESTIONABLE,pass,fail,weak,weak,weak,pass,pass,pass,fail,weak,"The primary concern is overconfidence in disambiguating an extremely common name. ""Michael Brown"" requires extraordinary evidence and verification standards that aren't fully demonstrated here.",True
michael cox,same,high,5,SUSPECT,pass,fail,fail,weak,fail,weak,weak,fail,fail,fail,"The reasoning contains a critical timeline contradiction - DOE records show 2018-2019 for Middletown but the reasoning claims 2020-2021, dismissing this discrepancy as a 'data error' without proper verification. This creates a two-year gap that undermines the entire argument of immediate career progression.",True
michael gaunt,same,high,10,QUESTIONABLE,pass,pass,fail,weak,weak,fail,weak,pass,fail,weak,"The disambiguator reaches high confidence based on insufficient evidence - only two news articles about individual districts, without proper full name verification or Tier 1 sources. The search strategy appears incomplete and confidence is overcalibrated.",True
michael gray,same,high,8,SUSPECT,pass,weak,weak,weak,weak,fail,weak,weak,fail,fail,"The reasoning makes critical assumptions about name equivalence (Michael D. Gray = Mike Gray) without explicit verification, and contains significant timeline discrepancies that suggest the sources may be discussing different people or different time periods than the positions in question.",True
michael gray,same,high,16,PLAUSIBLE,pass,pass,pass,weak,pass,pass,pass,weak,weak,weak,"The reasoning contains a significant unexplained discrepancy: the news article claims Michael Gray was superintendent at East Alton for 19 years, while official ISBE data shows only 2003-2006 (3 years). This contradiction suggests potential error in the news article or misinterpretation of career data, undermining the high confidence conclusion.",True
michael kopakowski,same,high,20,CONFIRMED,pass,pass,pass,pass,pass,pass,pass,pass,pass,pass,"This is an exemplary disambiguation case with no significant concerns. The reasoning is thorough, evidence is strong, and confidence is well-calibrated.",False
michael meissen,same,high,20,CONFIRMED,pass,pass,pass,pass,pass,pass,pass,pass,pass,pass,None - this is a well-documented case with strong evidence.,False
michael murphy,same,high,20,CONFIRMED,pass,pass,pass,pass,pass,pass,pass,pass,pass,pass,"None - this is an exemplary disambiguation with strong, direct evidence from multiple independent sources",False
michael nitti,same,high,19,CONFIRMED,pass,pass,weak,pass,pass,pass,pass,pass,pass,pass,None identified - this is a strong case with multiple Tier 1 sources explicitly confirming the same person transitioned between districts.,False
michael perry,same,high,20,CONFIRMED,pass,pass,pass,pass,pass,pass,pass,pass,pass,pass,"None - this is a well-supported disambiguation with multiple strong, independent sources directly confirming the transition between districts.",False
michael raso,same,high,5,SUSPECT,pass,fail,weak,fail,fail,fail,pass,fail,fail,fail,The disambiguator confirmed two separate superintendents named Michael/Mike Raso exist but provided NO evidence they are the same person. This is a critical logical leap - could easily be two different people with the same name.,True
michael rustman,same,high,7,SUSPECT,pass,pass,fail,weak,fail,fail,pass,fail,fail,fail,"No evidence found for the Missouri position (Leeton R-X, 2003-2004). All evidence is for Illinois only, making it impossible to verify it's the same person. High confidence is unjustified without any cross-district verification.",True
michael shimshak,same,high,19,CONFIRMED,pass,pass,weak,pass,pass,pass,pass,pass,pass,pass,"Minor uncertainty about whether archive deep-dive was attempted, but sufficient evidence exists without it.",False
michael simeck,same,high,18,CONFIRMED,pass,weak,weak,pass,pass,pass,pass,pass,pass,pass,"The main weakness is lack of explicit documentation of the 4-phase search strategy. While good results were obtained, the methodology isn't transparent about whether all search phases were attempted.",False
michael simeck,same,high,19,CONFIRMED,pass,pass,weak,pass,pass,pass,pass,pass,pass,pass,"Minor weakness in not explicitly documenting the 4-phase search strategy, but this doesn't affect the conclusion quality.",False
michael simeck,same,high,19,CONFIRMED,pass,pass,weak,pass,pass,pass,pass,pass,pass,pass,The reasoning is solid but could be strengthened by explicitly documenting the systematic 4-phase search process that was followed.,False
michael wallace,same,high,4,SUSPECT,pass,fail,fail,fail,fail,fail,pass,fail,fail,fail,"The reasoning contains a critical contradiction: claims Wallace moved from Michigan to Texas and back, while source evidence states continuous Michigan service 2004-2013. No evidence actually connects the two Michael Wallace records.",True
michael waters,same,high,19,CONFIRMED,pass,pass,pass,pass,pass,pass,weak,pass,pass,pass,"The 1011now URL appears to be about a student fight incident rather than superintendent information, which weakens one piece of corroborating evidence.",False
michael white,same,high,6,SUSPECT,pass,fail,weak,weak,fail,fail,weak,weak,fail,fail,"The disambiguator reached 'high confidence' that two positions held by 'Michael White' are the same person despite having only isolated database entries, no middle initial verification for Arkansas, and no corroborating evidence. For such a common name, this is dangerously unsupported.",True
michael white,same,high,18,CONFIRMED,pass,pass,weak,pass,pass,weak,pass,pass,pass,pass,Minor weakness in full name verification at Bloomburg ISD - only 'MICHAEL J WHITE' shown without confirming middle initial consistency across all sources.,False
michael williams,same,high,4,SUSPECT,pass,fail,weak,fail,fail,fail,weak,fail,fail,fail,"No direct evidence connects the Illinois Michael Williams to the Nebraska Michael Williams. The reasoning relies entirely on timeline plausibility and assumes same person based on common name and geographic proximity, which is insufficient for a common name like Michael Williams.",True
michael wright,same,high,7,SUSPECT,pass,weak,fail,fail,fail,weak,pass,weak,fail,fail,"The evidence shows two different Michael Wrights at each district but never proves they're the same person. No source explicitly connects the two positions, and the alumni bulletin quote appears misinterpreted.",True
miguel hernandez,same,high,4,SUSPECT,pass,fail,weak,fail,fail,fail,weak,fail,fail,fail,"Very common name with insufficient verification - no true Tier 1 evidence linking the two positions, and sources may be circular references rather than independent confirmation",True
miguel hernandez,same,high,10,QUESTIONABLE,pass,weak,pass,fail,fail,pass,pass,weak,fail,fail,"The reasoning overstates the evidence strength. Only one source (Hot Springs website) actually connects the two districts, and this is Tier 3 evidence (current district bio mentioning past service), not the strong evidence claimed. The Manchester sources only confirm his tenure there, not that he's the same person from Danville.",True
mike dominguez,same,high,19,CONFIRMED,pass,pass,weak,pass,pass,pass,pass,pass,pass,pass,None identified - this appears to be a well-documented case with strong corroborating evidence from multiple independent sources.,False
mike jones,same,high,3,SUSPECT,fail,fail,weak,fail,fail,weak,weak,fail,fail,fail,"The reasoning claims to have confirmed these are the same person but provides no actual evidence linking the two positions to one individual. The timeline shows overlap (2016-2021) that is hand-waved away with an unsupported retirement claim, and 'Mike Jones' is an extremely common name requiring much stronger evidence.",True
mike scott,same,high,8,SUSPECT,pass,weak,weak,fail,fail,pass,pass,fail,fail,fail,"Critical timeline contradiction - claims same person was superintendent in Oregon and Texas simultaneously from 2015-2018, which is impossible. The reasoning ignores this impossibility and maintains high confidence based on weak evidence.",True
millard house,same,high,19,CONFIRMED,pass,pass,pass,pass,pass,pass,weak,pass,pass,pass,Minor concern about URL specificity - one link goes to a blog category rather than the specific article mentioned.,False
milton thompson,same,high,20,CONFIRMED,pass,pass,pass,pass,pass,pass,pass,pass,pass,pass,None identified - reasoning is thorough and well-supported with strong evidence.,False
misty slavic,same,high,20,CONFIRMED,pass,pass,pass,pass,pass,pass,pass,pass,pass,pass,None identified - this is an exemplary disambiguation with strong evidence and proper reasoning.,False
mylo miller,same,high,19,CONFIRMED,pass,pass,weak,pass,pass,pass,pass,pass,pass,pass,The reasoning is strong overall but lacks explicit documentation of the systematic 4-phase search process.,False
myron ballain,same,high,9,SUSPECT,pass,pass,fail,weak,weak,weak,pass,fail,fail,fail,"High confidence is unsupported - no direct evidence connecting the two superintendent positions, only separate confirmations of someone with this name at each district.",True
natalie thomas,same,high,18,CONFIRMED,pass,pass,weak,pass,pass,weak,pass,pass,pass,pass,"The reasoning is strong but could be more explicit about full name verification at both districts from primary sources, and search strategy documentation could be more complete.",False
nettie collins hart,same,high,20,CONFIRMED,pass,pass,pass,pass,pass,pass,pass,pass,pass,pass,None - this is an exceptionally well-documented case with definitive evidence.,False
nicholas ouellette,same,high,20,CONFIRMED,pass,pass,pass,pass,pass,pass,pass,pass,pass,pass,None identified - this is a strong disambiguation with definitive Tier 1 evidence.,False
nicholas wahl,same,high,17,PLAUSIBLE,pass,pass,fail,pass,pass,pass,weak,pass,pass,pass,The reasoning lacks transparency about the search methodology - no mention of the 4-phase search process that should guide the investigation.,False
nicolas wade,same,high,6,SUSPECT,pass,pass,fail,fail,fail,weak,weak,fail,fail,fail,"The reasoning appears to confuse Columbia Union (CA) with Lexington Two (SC) in the Columbia Star article. If this article is about South Carolina, then there may be no evidence connecting Nicolas Wade to Columbia Union CA at all, making the entire 'same' prediction unsupported.",True
nora curry,same,high,17,PLAUSIBLE,pass,pass,weak,pass,pass,pass,fail,pass,pass,pass,"Missing URLs for key evidence claims - specifically the Oklahoma state document and staff directory listing. Without these URLs, cannot verify the Big Pasture evidence.",True
p erik gundersen,same,high,20,CONFIRMED,pass,pass,pass,pass,pass,pass,pass,pass,pass,pass,None identified - this is a well-documented career transition with multiple independent sources explicitly confirming the same person moved between districts.,False
pamela campbell,same,high,20,CONFIRMED,pass,pass,pass,pass,pass,pass,pass,pass,pass,pass,None identified - this is a well-supported disambiguation with strong evidence.,False
patricia garcia,same,high,20,CONFIRMED,pass,pass,pass,pass,pass,pass,pass,pass,pass,pass,"None - this is an exemplary disambiguation with strong, direct evidence.",False
patricia green,same,high,20,CONFIRMED,pass,pass,pass,pass,pass,pass,pass,pass,pass,pass,None - this is an exemplary disambiguation with overwhelming evidence.,False
patrick hefflin,same,high,14,PLAUSIBLE,pass,weak,fail,pass,weak,pass,pass,pass,fail,pass,"The PA position (2010-2012) is not independently verified through Pennsylvania sources. The entire 'same' conclusion rests on a single CA source mentioning Pittsburgh origins, with no corroborating evidence from the PA district or Pennsylvania education records.",True
patrick kelley,same,high,11,QUESTIONABLE,pass,fail,weak,pass,fail,pass,pass,weak,fail,weak,"Overconfidence based on limited corroboration - only one truly strong source (legal document) confirms identity, yet confidence is marked as 'high' for a relatively common name.",True
patrick murphy,same,high,8,SUSPECT,pass,fail,pass,fail,fail,weak,pass,weak,fail,fail,"Insufficient high-tier evidence for a very common name. Only one Tier 1 source (Hill College directory) and one Tier 2 source (GovSalaries) for Texas position, no Tier 1-2 evidence for Illinois position. High confidence 'same' prediction is not supported.",True
paul fregeau,same,high,18,CONFIRMED,pass,pass,fail,pass,pass,pass,pass,pass,pass,pass,"The search strategy appears incomplete - only direct connection searches were documented, missing systematic verification through district domains and individual name searches.",False
paul fried,same,high,19,CONFIRMED,pass,pass,weak,pass,pass,pass,pass,pass,pass,pass,"Minor concern about explicit documentation of search phases, but overall reasoning is sound with strong evidence.",False
paul gausman,same,high,20,CONFIRMED,pass,pass,pass,pass,pass,pass,pass,pass,pass,pass,"None identified - this is an exceptionally well-documented case with multiple independent, high-quality sources directly confirming the superintendent transition between districts.",False
paul hillyer,same,high,16,PLAUSIBLE,pass,pass,fail,pass,pass,pass,pass,weak,pass,weak,The reasoning shows strong evidence but fails to demonstrate systematic search methodology and doesn't address significant timeline discrepancies between the input data (2012-2018) and source evidence (2010-2021).,True
paul hillyer,same,high,20,CONFIRMED,pass,pass,pass,pass,pass,pass,pass,pass,pass,pass,None - this is an exemplary disambiguation with strong evidence and sound reasoning.,False
paul kreutzer,same,high,17,PLAUSIBLE,pass,pass,fail,pass,pass,weak,pass,pass,pass,pass,The reasoning lacks transparency about search methodology - it jumps directly to evidence presentation without explaining how sources were found or which search phases were attempted. This is a significant documentation gap despite strong evidence.,False
paul sellon,same,high,15,PLAUSIBLE,pass,pass,fail,pass,pass,fail,pass,pass,weak,pass,Missing full name verification at Santee Community Schools - critical gap for high confidence 'same' determination.,True
pedro martinez,same,high,19,CONFIRMED,pass,pass,weak,pass,pass,pass,pass,pass,pass,pass,"Minor weakness in not explicitly documenting all search phases, though this is mitigated by the overwhelming strength of Tier 1 evidence found.",False
peter dion,same,high,19,CONFIRMED,pass,pass,weak,pass,pass,pass,pass,pass,pass,pass,"Minor weakness in search strategy documentation, but overall excellent evidence quality.",False
philip ehrhardt,same,high,19,CONFIRMED,pass,pass,weak,pass,pass,pass,pass,pass,pass,pass,"Minor discrepancy in reported timeline (reasoning states 2007-2019 but position data shows 2007-2014, 2017-2018) but this doesn't fundamentally undermine the conclusion.",False
philip harrison,same,high,10,QUESTIONABLE,pass,pass,weak,weak,fail,pass,pass,fail,fail,fail,"The reasoning claims multiple sources ""explicitly state"" the career connection between Jamaica CUSD 12 and Southwest Parke, but the provided URLs are separate sources covering each district independently. No single source is cited that actually states the superintendent moved from Illinois to Indiana. The prediction appears to be based on inferring a connection from separate pieces of evidence rather than finding a source that explicitly documents the career transition.",True
philip harrison,same,high,10,QUESTIONABLE,pass,pass,pass,fail,fail,pass,pass,fail,fail,fail,"The reasoning contains a FATAL timeline contradiction. Illinois Public Media places Philip Harrison in Jamaica, IL during 2014 consolidation discussions, while the Jefferson County Leader claims he was in Crystal City, MO from July 2013. The reasoning also claims he moved to Indiana in 2015. These three positions overlap temporally - he cannot simultaneously be superintendent in Illinois (2014), Missouri (2013-2019), and Indiana (2015+). The reasoning dismisses this as a ""data overlap issue"" without resolving which timeline is accurate. The sources contradict rather than corroborate, making the ""high confidence"" prediction unjustified.",True
quintin shepherd,same,high,20,CONFIRMED,pass,pass,pass,pass,pass,pass,pass,pass,pass,pass,None identified - this is an exemplary case with strong documentation across multiple independent sources.,False
quintin shepherd,same,high,19,CONFIRMED,pass,pass,weak,pass,pass,pass,pass,pass,pass,pass,"Minor weakness in not explicitly documenting the complete 4-phase search strategy, though this doesn't affect the correctness of the conclusion.",False
ralph carter,same,high,17,PLAUSIBLE,pass,pass,weak,pass,pass,pass,fail,pass,pass,pass,"The evidence URL quality is weak - several links either don't clearly support the claims or are from questionable sources. While the reasoning is sound, some URLs appear to be generic documents or non-primary sources that don't definitively prove the claims.",True
ralph carter,same,high,19,CONFIRMED,pass,pass,weak,pass,pass,pass,pass,pass,pass,pass,None significant - this is a well-documented case with strong evidence.,False
ralph ferrie,same,high,18,CONFIRMED,pass,pass,weak,pass,pass,pass,pass,pass,pass,weak,The reasoning is strong but could benefit from more explicit documentation of the search phases and verification that no other Ralph Ferrie exists in education during this timeframe.,False
randy bridges,same,high,18,CONFIRMED,pass,pass,weak,pass,pass,pass,pass,weak,pass,pass,"Minor chronological discrepancies between the reasoning and position dates suggest need for more precise date verification, though this doesn't undermine the core conclusion.",False
randy bridges,same,high,12,QUESTIONABLE,pass,pass,weak,pass,pass,weak,pass,fail,fail,fail,"The reasoning has a critical chronological inconsistency. It claims Dr. Bridges moved from Virginia to North Carolina in 2012 to be closer to family, but the Lexington City Schools appointment wasn't until 2017, with an intervening position in Florence, South Carolina. This 5-year gap and career detour undermine the high confidence conclusion.",True
randy freeman,same,high,9,SUSPECT,pass,weak,fail,pass,weak,fail,pass,weak,fail,fail,"The reasoning claims 'definitive evidence' but the obituary guest book only confirms Williamsburg service, not Silver Lake. There's no verification that 'Dr. Randy Freeman' at Silver Lake is the same as 'Dr. Randy Lee Freeman' from the obituary.",True
randy freeman,same,high,19,CONFIRMED,pass,pass,weak,pass,pass,pass,pass,pass,pass,pass,None identified - this appears to be a well-documented case with strong evidence.,False
randy nelson,same,high,10,QUESTIONABLE,pass,pass,fail,weak,pass,pass,weak,fail,fail,fail,"The reasoning contains major timeline contradictions that suggest the sources may refer to different Randy Nelsons or that the research was sloppy. Claims of 15 years at Norfolk don't match the 2001-2006 position dates, and the overlapping dates for SCC and La Crosse positions create an impossible career trajectory.",True
raymond boccuti,same,high,19,CONFIRMED,pass,pass,weak,pass,pass,pass,pass,pass,pass,pass,"The reasoning is strong overall but has a minor gap: it mentions Spring Lake School District (2015-???) as an intermediate position but doesn't provide evidence URL for this connection, which is important for establishing the complete career trajectory between the two target positions.",False
raymond gualtieri,same,high,19,CONFIRMED,pass,pass,weak,pass,pass,pass,pass,pass,pass,pass,"None significant. The reasoning is solid with multiple independent, high-quality sources explicitly confirming the superintendent's move between districts.",False
rebecca rodocker,same,high,19,CONFIRMED,pass,pass,weak,pass,pass,pass,pass,pass,pass,pass,None significant - this is a well-supported disambiguation with strong Tier 1 evidence from two independent sources.,False
renee schuster,same,high,20,CONFIRMED,pass,pass,pass,pass,pass,pass,pass,pass,pass,pass,None identified - the reasoning appears sound and well-supported,False
richard basden,same,high,19,CONFIRMED,pass,pass,weak,pass,pass,pass,pass,pass,pass,pass,The reasoning is strong but could benefit from more explicit documentation of the search process. The evidence appears solid but the URLs should be verified to ensure they actually contain the claimed information.,False
richard brockel,same,high,19,CONFIRMED,pass,pass,weak,pass,pass,pass,pass,pass,pass,pass,"The main weakness is the lack of explicit search phase documentation, but this is minor. The evidence is strong and the conclusion well-supported.",False
richard brockel,same,high,20,CONFIRMED,pass,pass,pass,pass,pass,pass,pass,pass,pass,pass,None - reasoning appears sound and well-supported,False
richard brockel,same,high,19,CONFIRMED,pass,pass,weak,pass,pass,pass,pass,pass,pass,pass,"The 7-year gap between positions (2012-2019) could have been better addressed with more explicit archive searching to verify continuous career trajectory, though the overall evidence is strong.",False
richard brockel,same,high,19,CONFIRMED,pass,pass,weak,pass,pass,pass,pass,pass,pass,pass,"The 11-year gap between positions (2012-2023) creates some uncertainty about career continuity, though the NJ.com article helps bridge this gap by explicitly mentioning Greenwood Lake experience.",False
richard noonan,same,high,20,CONFIRMED,pass,pass,pass,pass,pass,pass,pass,pass,pass,pass,This is a well-documented case with strong evidence. The reasoning correctly identifies a clear career trajectory across multiple independent sources.,False
richard page,same,high,18,CONFIRMED,pass,pass,weak,pass,pass,pass,pass,weak,pass,pass,"Timeline inconsistency between original position data (2011-2014, 2016-2018) and evidence suggesting 2012-2020 tenure needs resolution.",False
richard peters,same,high,9,SUSPECT,pass,pass,weak,fail,fail,pass,pass,fail,fail,fail,"The reasoning contains a critical timeline contradiction. The CNN transcript and news sources from October 2007 show Richard Peters as superintendent of Crandon School District in Wisconsin, but this directly conflicts with the Illinois position for 2007-2008. The evidence actually suggests these are TWO DIFFERENT people named Richard Peters, not the same person moving between districts.",True
richard weigel,same,high,19,CONFIRMED,pass,pass,weak,pass,pass,pass,pass,pass,pass,pass,"The reasoning is strong but lacks explicit documentation of the 4-phase search strategy, which would strengthen the audit trail.",False
robert bray,same,high,5,SUSPECT,pass,weak,weak,fail,fail,fail,weak,fail,fail,fail,"The reasoning fails to verify the full name at both districts (Robert J. Bray vs Robert Bray) and contains a major timeline contradiction (2011 vs 2020 resignation date), making the 'same person' conclusion unsupported.",True
robert bruner,same,high,9,SUSPECT,pass,pass,weak,fail,weak,fail,pass,fail,fail,weak,"The reasoning overstates the evidence strength - the auditor report only shows ""Bruner"" without first name verification, and the obituary is misclassified as Tier 1 when it's Tier 2. This creates a false sense of certainty about matching the same person.",True
robert bruner,same,high,16,PLAUSIBLE,pass,pass,weak,pass,weak,weak,pass,pass,weak,pass,"Overconfidence based on single source - high confidence requires 2+ Tier 1-2 independent sources, but reasoning relies only on one obituary.",True
robert casteel,same,high,9,SUSPECT,pass,pass,weak,pass,fail,fail,weak,weak,fail,fail,The reasoning makes a critical logical leap by assuming that sequential career timelines automatically prove identity. There's no concrete evidence connecting the Missouri superintendent to the Arkansas superintendent or to the Oregon obituary - just timeline plausibility. The confidence level is significantly overstated given the limited corroborating evidence.,True
robert copeland,same,high,18,CONFIRMED,pass,pass,weak,pass,pass,pass,pass,weak,pass,pass,Timeline discrepancy between position dates (2011-2013 for Piscataway) and evidence showing departure in 2012. This inconsistency is not addressed in the reasoning.,False
robert copeland,same,high,20,CONFIRMED,pass,pass,pass,pass,pass,pass,pass,pass,pass,pass,No significant concerns identified - this appears to be a well-documented case with strong evidence.,False
robert green,same,high,19,CONFIRMED,pass,weak,pass,pass,pass,pass,pass,pass,pass,pass,"The primary concern is that ""Robert Green"" is a moderately common name, and while the evidence appears strong, the reasoning doesn't explicitly address the name commonality risk or demonstrate additional verification steps that would be prudent for a name that could have multiple educational professionals.",False
robert hunt,same,high,20,CONFIRMED,pass,pass,pass,pass,pass,pass,pass,pass,pass,pass,No significant concerns identified. This is a well-documented case with strong corroborating evidence.,False
robert malito,same,high,17,PLAUSIBLE,pass,pass,weak,weak,pass,pass,pass,pass,weak,pass,"The reasoning contains a classification error where Tier 1 evidence (hiring announcement and explicit career connection) is misclassified as Tier 2, suggesting incomplete understanding of the evidence tier system despite having strong evidence.",False
robert morelan,same,high,18,CONFIRMED,pass,pass,weak,pass,pass,pass,weak,pass,pass,pass,"The LinkedIn URL provided is just a directory page rather than a specific profile, which weakens the supporting evidence slightly.",False
robert neu,same,high,19,CONFIRMED,pass,pass,pass,weak,pass,pass,pass,pass,pass,pass,"Minor overstatement in evidence tier classification - reasoning claims 'Tier 1 standards' when only one source (Oakland Press) is clearly Tier 1, while others are Tier 2-3. However, this does not materially affect the conclusion which is well-supported.",False
robert reed,same,high,12,QUESTIONABLE,pass,pass,weak,weak,weak,fail,pass,pass,fail,weak,"The confidence is significantly overcalibrated for the evidence quality. While multiple sources are cited, most are Tier 2-3 evidence, and there's no explicit full-name verification at both districts. The 10-year gap between positions (2004 to 2014) is not adequately explained, and the MSSL degree alone doesn't conclusively bridge this gap.",True
robert winter,same,high,20,CONFIRMED,pass,pass,pass,pass,pass,pass,pass,pass,pass,pass,No significant concerns identified. The reasoning is exceptionally strong with definitive Tier 1 evidence directly stating the career transition between districts.,False
robert young,same,high,9,SUSPECT,pass,fail,fail,pass,pass,fail,pass,weak,fail,fail,"The evidence shows 'Dr. Robert C. Young, Jr.' at Geneva but claims 'Robert Young' at Ellis without verifying the middle initial and suffix match. For such a common name, this is a critical verification gap that makes the high confidence prediction unreliable.",True
rodney green,same,high,19,CONFIRMED,pass,pass,weak,pass,pass,pass,pass,pass,pass,pass,"The main weakness is lack of explicit documentation of the systematic 4-phase search process, though the final evidence gathered appears strong and appropriate.",False
ron wilson,same,high,7,SUSPECT,pass,fail,weak,weak,fail,weak,pass,fail,fail,fail,"The reasoning contains fundamental contradictions about Ron Wilson's career path. The Kansas Legislature testimony states he was superintendent in Herington, KS before Hays - not Perryville, AR. The retirement date (2016) doesn't match the position record (2007-2014). For a common name like Ron Wilson, these contradictions make the 'same' prediction highly unreliable.",True
ronald heilmann,same,high,19,CONFIRMED,pass,pass,weak,pass,pass,pass,pass,pass,pass,pass,"The search strategy completeness could be improved by explicitly documenting the 4-phase approach, but this appears to be a methodological issue rather than an evidence problem. The actual evidence found is strong and convincing.",False
ronald miller,same,high,6,SUSPECT,pass,fail,weak,fail,fail,weak,pass,fail,fail,fail,"The reasoning contains a fatal timeline contradiction: Crystal Lake (2002-2009) and Plainview ISD (2002-2013) overlapped for 7 years, making it impossible for one person to hold both superintendent positions simultaneously. The disambiguator misread this as a sequential career progression when the evidence shows parallel careers.",True
rosa atkins,same,high,20,CONFIRMED,pass,pass,pass,pass,pass,pass,pass,pass,pass,pass,"None - this is an exemplary disambiguation with strong, well-corroborated evidence from multiple independent sources.",False
roy montesano,same,high,20,CONFIRMED,pass,pass,pass,pass,pass,pass,pass,pass,pass,pass,No significant concerns found. This is an exemplary disambiguation with strong multi-source evidence and proper reasoning.,False
roy montesano,same,high,18,CONFIRMED,pass,pass,weak,pass,pass,weak,pass,pass,pass,pass,"The main weakness is lack of explicit documentation of the systematic 4-phase search strategy and incomplete full name verification details. While the evidence appears strong, the methodology transparency could be improved.",False
roy rakszawski,same,high,19,CONFIRMED,pass,pass,weak,pass,pass,pass,pass,pass,pass,pass,None - this is an exceptionally well-documented case with multiple Tier 1 sources directly confirming the superintendent's career transition.,False
rustin clark,same,high,15,PLAUSIBLE,pass,pass,weak,weak,weak,pass,pass,pass,fail,pass,Confidence is too high given evidence quality - mostly Tier 3 sources with only one Tier 1 (LinkedIn),True
ryan cunningham,same,high,6,SUSPECT,pass,fail,weak,weak,fail,fail,pass,fail,fail,fail,"The reasoning makes a critical logical leap - assuming that because a Ryan Cunningham left Michigan and a Ryan Cunningham appeared in Kansas with plausible timing, they must be the same person. There's no direct evidence connecting these two positions to the same individual.",True
samuel depaul,same,high,19,CONFIRMED,pass,pass,weak,pass,pass,pass,pass,pass,pass,pass,None significant - the reasoning is strong and well-supported by multiple independent Tier 1 sources documenting the career transition.,False
samuel king,same,high,19,CONFIRMED,pass,pass,weak,pass,pass,pass,pass,pass,pass,pass,"The reasoning is strong overall but lacks explicit documentation of the search methodology phases. While the evidence is compelling, the audit trail showing how systematically the search was conducted is incomplete.",False
samuel light,same,high,17,PLAUSIBLE,pass,pass,weak,pass,pass,pass,pass,weak,weak,pass,Timeline discrepancy between Position 2 start date (2015) and documented tenure (2017-2024) creates uncertainty about the 2015-2017 period.,False
scott bailey,same,high,7,SUSPECT,pass,weak,fail,fail,fail,pass,pass,fail,fail,fail,The reasoning contains an impossible timeline contradiction - Scott Bailey cannot have retired from Desert Sands in June 2022 while simultaneously starting at River Valley in August 2021. The evidence doesn't actually connect the same person to both districts.,True
scott springston,same,high,20,CONFIRMED,pass,pass,pass,pass,pass,pass,pass,pass,pass,pass,None identified - this is a well-documented case with strong evidence,False
scott spurgeon,same,high,19,CONFIRMED,pass,pass,weak,pass,pass,pass,pass,pass,pass,pass,None significant - this is a well-supported disambiguation with multiple independent Tier 1 sources explicitly connecting both positions to the same person.,False
shane gordon,same,high,12,QUESTIONABLE,pass,weak,weak,pass,weak,weak,pass,weak,fail,weak,"The 2017-2018 timeline gap with no transition evidence - left Arkansas in 2017 but Illinois records start in 2019, with no direct evidence showing the same person moved between states.",True
sharon contreras,same,high,20,CONFIRMED,pass,pass,pass,pass,pass,pass,pass,pass,pass,pass,"None - this is an exemplary disambiguation with strong, corroborated evidence from multiple Tier 1 sources.",False
sharon weir,same,high,19,CONFIRMED,pass,pass,weak,pass,pass,pass,pass,pass,pass,pass,Minor concern about search strategy documentation - unclear if all phases were systematically attempted before finding the strong evidence.,False
shawn wightman,same,high,19,CONFIRMED,pass,pass,weak,pass,pass,pass,pass,pass,pass,pass,"The reasoning is strong overall but doesn't explicitly document the 4-phase search strategy, making it unclear if all phases were properly attempted or short-circuited.",False
sheila perry,same,high,8,SUSPECT,pass,weak,pass,fail,fail,weak,pass,fail,fail,fail,"The conclusion relies heavily on a husband's personal website claim about his wife's career progression, without independent verification that Sheila Perry was actually superintendent at Bloomfield R-XIV during 2003-2008. No hiring announcements, board minutes, or official sources confirm this role.",True
sherri edmundson,same,high,19,CONFIRMED,pass,pass,weak,pass,pass,pass,pass,pass,pass,pass,The reasoning is solid but lacks documentation of the systematic search process - unclear whether all search phases were attempted or if this was found through opportunistic searching.,False
sherry mcmasters,same,high,12,QUESTIONABLE,pass,pass,weak,pass,fail,fail,pass,weak,fail,pass,"High confidence is overcalibrated for the evidence level. Only one Tier 1 source (Cedar Ridge announcement) confirms the connection between districts, and full name was not verified at Couch R-I School District. The STL Today graphic only shows last name match, not first name. For 'high confidence,' two or more Tier 1-2 independent sources are required, but here we have only one Tier 1 source plus supporting documents that don't independently verify the connection.",True
stanley stratton,same,high,20,CONFIRMED,pass,pass,pass,pass,pass,pass,pass,pass,pass,pass,None - this is an exemplary disambiguation with strong evidence and reasoning.,False
stanton lawrence,same,high,7,SUSPECT,pass,pass,fail,weak,weak,fail,weak,fail,fail,fail,"The reasoning asserts strong evidence and multiple sources without demonstrating the actual connections. Full name verification at both districts is missing, timeline gap is unexplained, and confidence is grossly overestimated for the evidence shown.",True
stephen daeschner,same,high,19,CONFIRMED,pass,pass,weak,pass,pass,pass,pass,pass,pass,pass,"Minor weakness in not explicitly documenting the 4-phase search strategy, though the quality of evidence found suggests it was thorough.",False
stephen murley,same,high,19,CONFIRMED,pass,pass,weak,pass,pass,pass,pass,pass,pass,pass,None significant - this is a well-documented case with multiple independent sources explicitly confirming the same person served at both districts.,False
stephen price,same,high,18,CONFIRMED,pass,pass,weak,pass,pass,weak,pass,pass,pass,pass,Timeline discrepancy between position record (2005-2007) and evidence showing 7-year tenure ending 2010 - suggests position dates may be incomplete/incorrect,True
steve wilmoth,same,high,19,CONFIRMED,pass,pass,weak,pass,pass,pass,pass,pass,pass,pass,"None significant. The Coastal Courier article provides exceptionally strong evidence explicitly connecting both positions, making this one of the clearest cases possible.",False
steven skalka,same,high,18,CONFIRMED,pass,pass,weak,weak,pass,pass,pass,pass,pass,pass,None significant. The reasoning is sound and well-supported by multiple Tier 1 sources. Minor weaknesses in explicit documentation of search phases and evidence tier classification do not undermine the conclusion.,False
stewart weinberg,same,high,19,CONFIRMED,pass,pass,weak,pass,pass,pass,pass,pass,pass,pass,"None identified - this appears to be an exemplary disambiguation with strong, definitive evidence.",False
tawana grover,same,high,20,CONFIRMED,pass,pass,pass,pass,pass,pass,pass,pass,pass,pass,None - this is an exemplary disambiguation with multiple definitive sources and proper evidence tiering.,False
teresa ragsdale,same,high,9,SUSPECT,pass,pass,weak,fail,fail,weak,pass,weak,fail,fail,"The reasoning relies heavily on a Facebook profile as the primary connecting evidence between the two positions, treating social media as a Tier 1-2 professional source when it should not be. This creates a false sense of confidence in the ""same"" prediction.",True
teresa russell,same,high,7,SUSPECT,pass,pass,weak,fail,fail,fail,weak,weak,fail,fail,"The reasoning incorrectly classifies evidence tiers and overstates confidence - district websites are Tier 3 evidence, not Tier 1, and there's no concrete proof that the same Teresa Russell worked at both districts.",True
terrence scandrett,same,high,19,CONFIRMED,pass,pass,pass,pass,pass,weak,pass,pass,pass,pass,Minor gap in full name verification at the first district - reasoning relies on last name match and nickname assumption without explicitly confirming 'Terrence' at Jefferson Co. R-VII.,False
terry barker,same,high,20,CONFIRMED,pass,pass,pass,pass,pass,pass,pass,pass,pass,pass,No significant concerns found - this appears to be a well-executed disambiguation with strong multi-source evidence.,False
terry hamilton,same,high,6,SUSPECT,pass,weak,fail,weak,weak,fail,weak,fail,fail,fail,Timeline overlap contradiction - 2008 at North Pemiscot but 2009 at Poolville creates impossible career progression that wasn't addressed.,True
terry hazard,same,high,18,CONFIRMED,pass,pass,weak,pass,pass,weak,pass,pass,pass,pass,The reasoning is strong overall but has a minor gap in explicitly documenting the 4-phase search process and incomplete verification of the middle initial across both districts.,False
terry hemann,same,high,16,PLAUSIBLE,pass,pass,pass,pass,weak,weak,pass,weak,weak,pass,"Timeline discrepancy between sources - TheOrg.com profile shows Terry Hemann as superintendent at Mineral Point from 2006-2011 (5 years), but position being verified is only 2008-2010. This mismatch suggests either different person or same person but different role/period.",True
terry stevens,same,high,18,CONFIRMED,pass,pass,weak,pass,pass,weak,pass,pass,pass,pass,"The reasoning is solid overall but lacks explicit confirmation of full name verification at both districts, which is a minor gap in an otherwise strong case.",False
terry zink,same,high,6,SUSPECT,pass,pass,weak,fail,fail,weak,fail,fail,fail,fail,"The evidence sources contradict each other on critical timeline details. The COVID article from 2020 states Terry Zink was already superintendent at Coyle, while the hiring announcement supposedly from the same period claims he was just appointed. This fundamental contradiction undermines the entire conclusion.",True
theresa rouse,same,high,17,PLAUSIBLE,pass,pass,weak,pass,pass,weak,pass,pass,weak,pass,"The reasoning lacks explicit full name verification at both districts and doesn't describe the systematic search strategy, which raises questions about whether the high confidence is properly calibrated despite the apparent strength of the sources.",True
thomas challender,same,high,15,PLAUSIBLE,pass,pass,weak,pass,weak,weak,pass,pass,weak,weak,"The reasoning relies entirely on Georgia sources for verification of a career move from Missouri to Georgia, without independent confirmation from Missouri district sources. All evidence comes from a single publication (Early County News), questioning true independence of sources.",True
thomas forcella,same,high,20,CONFIRMED,pass,pass,pass,pass,pass,pass,pass,pass,pass,pass,No significant concerns found. This is an exemplary disambiguation with strong evidence and proper reasoning.,False
thomas hagler,same,high,7,SUSPECT,pass,weak,fail,weak,weak,fail,weak,weak,fail,fail,"The reasoning claims definitive connection between two superintendent positions but fails to provide sufficient evidence that Dr. Thomas E. Hagler from Tyler ISD is the same person as the interim superintendent at Lanier County. The career progression through Lowndes County (FL) is asserted but not evidenced, and the sources may refer to different people with similar names.",True
thomas hagler,same,high,14,PLAUSIBLE,pass,pass,weak,weak,weak,pass,weak,pass,weak,weak,"The main concern is whether the newspaper sources actually confirm Thomas Hagler's specific superintendent tenures at both districts, or if they're reporting on related selection processes that don't definitively establish his positions.",True
thomas moore,same,high,20,CONFIRMED,pass,pass,pass,pass,pass,pass,pass,pass,pass,pass,None identified - this appears to be a well-documented career transition with strong corroborating evidence from multiple independent sources.,False
thomas parker,same,high,19,CONFIRMED,pass,pass,weak,pass,pass,pass,pass,pass,pass,pass,"The search strategy documentation could be more explicit about following the 4-phase methodology, but this is a minor concern given the strength of evidence found.",False
thomas smith,same,high,19,CONFIRMED,pass,pass,weak,pass,pass,pass,pass,pass,pass,pass,"The reasoning appears sound and well-supported. The only minor weakness is not explicitly documenting the 4-phase search strategy, but the evidence found suggests a thorough search was conducted.",False
tiffany anderson,same,high,20,CONFIRMED,pass,pass,pass,pass,pass,pass,pass,pass,pass,pass,No concerns identified - this is an exemplary disambiguation with strong evidence and appropriate confidence.,False
timothy glover,same,high,6,SUSPECT,pass,pass,fail,weak,fail,fail,weak,fail,fail,fail,The reasoning fails to establish any connection between the 2012 Sweetwater Union High position and the 2018-2021 Tulia ISD position. The evidence only shows Texas career movement (Luling to Tulia) and introduces unrelated positions with timeline inconsistencies.,True
timothy rehm,same,high,20,CONFIRMED,pass,pass,pass,pass,pass,pass,pass,pass,pass,pass,"No significant concerns identified - the reasoning is thorough, well-documented, and appropriately confident.",False
timothy rehm,same,high,19,CONFIRMED,pass,pass,pass,pass,pass,pass,pass,pass,pass,weak,"Minor timeline discrepancy between the Cornwall position dates (2010-2012) and news sources claiming a 9-year tenure, though this doesn't undermine the core conclusion that it's the same person.",False
timothy ricker,same,high,18,CONFIRMED,pass,pass,weak,pass,pass,pass,pass,pass,pass,weak,"The evidence confirms Timothy Ricker served at both districts, but sources also mention a superintendent role at Mehlville (2003-2006) that wasn't part of the original query. While this doesn't contradict the conclusion, it suggests incomplete verification of his full career path.",False
timothy shafer,same,high,20,CONFIRMED,pass,pass,pass,pass,pass,pass,pass,pass,pass,pass,None identified - this appears to be a well-documented case with explicit career path evidence.,False
tina bennett,same,high,17,PLAUSIBLE,pass,pass,pass,weak,pass,pass,weak,pass,weak,pass,"The confidence level may be slightly overstated given the mix of evidence tiers. While the San Diego Union-Tribune article provides strong confirmation of the CA position, some of the career timeline connections rely on current district bios (Tier 3 evidence) rather than independent archival sources that could definitively confirm the sequence of moves.",False
todd wilson,same,high,15,PLAUSIBLE,pass,weak,pass,pass,pass,pass,pass,weak,fail,weak,"The confidence is overcalibrated. The reasoning treats email address changes between districts as evidence of continuity (twilson@cisd-tx.net vs twilson@quintonschools.com), which is logically flawed - different districts naturally have different email domains. Additionally, the timeline overlap explanation is speculative rather than verified.",True
tom ward,same,high,7,SUSPECT,pass,weak,weak,fail,fail,fail,weak,weak,fail,weak,"The core issue is lack of verifiable evidence connecting Tom Ward at Iron County C-4 in 2003 to Dr. Thomas Ward at later positions. The career trajectory narrative fills a 9-year gap with speculation rather than documentation, and source quality is questionable.",True
toni jones,same,high,19,CONFIRMED,pass,pass,weak,pass,pass,pass,pass,pass,pass,pass,"Minor weakness in not explicitly documenting the 4-phase search strategy, though the evidence quality suggests thorough searching was conducted.",False
toni jones,same,high,16,PLAUSIBLE,pass,pass,weak,pass,pass,pass,pass,pass,weak,fail,"The reasoning contains a significant career progression gap. The evidence shows Dr. Toni Jones served at Fairfield Public Schools from December 2016 to July 2019, but the reasoning treats this as a seamless progression from Falls Church directly to Greenwich, potentially misrepresenting her career timeline.",True
tony tipton,same,high,10,QUESTIONABLE,pass,pass,fail,weak,weak,fail,pass,pass,fail,fail,The reasoning fails to verify that 'Tony Tipton' at Yancey County Schools is the same person as 'Morrison Anthony Tipton' at Lumberton ISD. This is a critical gap - assuming 'Tony' is a nickname for 'Anthony' without confirming the full name at both districts.,True
tony watlington,same,high,20,CONFIRMED,pass,pass,pass,pass,pass,pass,pass,pass,pass,pass,No significant concerns found. This is a well-documented superintendent mobility case with strong corroborating evidence from multiple authoritative sources.,False
ugur demircan,same,high,6,SUSPECT,pass,weak,fail,fail,fail,weak,weak,weak,fail,fail,"The reasoning misclassifies a current district bio as Tier 1 evidence and draws high confidence conclusions from a single uncorroborated source, violating multiple verification requirements.",True
verna ruffin,same,high,20,CONFIRMED,pass,pass,pass,pass,pass,pass,pass,pass,pass,pass,None - this is an exemplary disambiguation with strong evidence and proper reasoning.,False
vicki thomas,same,high,18,CONFIRMED,pass,pass,weak,pass,pass,pass,weak,pass,pass,pass,"The reasoning is strong overall but includes a non-specific search URL (govsalaries.com) as evidence rather than a specific document or article. The search strategy documentation is also incomplete, not explicitly showing the 4-phase process.",False
vickie cartwright,same,high,18,CONFIRMED,pass,pass,weak,weak,pass,pass,pass,pass,pass,pass,"Minor weakness in search strategy documentation and evidence tier classification, but overall solid case with strong corroborating evidence",False
victoria kniewel,same,high,20,CONFIRMED,pass,pass,pass,pass,pass,pass,pass,pass,pass,pass,None - this is an exemplary disambiguation with comprehensive evidence and proper reasoning.,False
walter calinger,same,high,19,CONFIRMED,pass,pass,weak,pass,pass,pass,pass,pass,pass,pass,None - this is an exemplary disambiguation with multiple independent sources including a direct hiring announcement confirming the transition between districts.,False
walter key,same,high,18,CONFIRMED,pass,pass,weak,pass,pass,weak,pass,pass,pass,pass,"The main weakness is in documentation of the systematic search process. While the evidence found is strong, the reasoning doesn't clearly show that all 4 search phases were attempted or properly short-circuited, making it difficult to verify that a thorough search was conducted.",False
wayne burke,same,high,11,QUESTIONABLE,pass,pass,weak,weak,weak,pass,pass,fail,fail,fail,"The reasoning claims the timeline \""perfectly matches\"" but the Pleasant Hill announcement states Burke became superintendent in July 2023, while Position 2 is listed as 2024. Additionally, Position 1 shows Burke at Spring Hill in 2021, but the announcement says he became Deputy Superintendent for 2022-23. These timeline contradictions are ignored in the reasoning, and high confidence is asserted based on only a single source that doesn't fully align with the position dates.",True
wayne johnson,same,high,4,SUSPECT,pass,fail,weak,fail,fail,fail,weak,fail,fail,fail,"CRITICAL: The disambiguator failed to verify the FULL NAME (including middle initial) at BOTH districts for a VERY COMMON name. ""Wayne Johnson"" appears at Tigerton without the ""R"" middle initial shown at Clermont Northeastern. Without confirming ""Wayne R. Johnson"" at Tigerton, this could easily be two different people with the same common name. The high confidence prediction is completely unjustified given the evidence quality and name commonality.",True
william crowder,same,high,7,SUSPECT,pass,pass,weak,fail,fail,fail,weak,weak,fail,fail,The reasoning claims strong evidence and high confidence but primarily relies on documents from only one district (Hazen) while using circumstantial factors like geographic proximity and timeline alignment as supporting evidence. There's no clear verification of the same person at Cooter R-IV district.,True
william hall,same,high,18,CONFIRMED,pass,pass,pass,pass,pass,pass,pass,weak,weak,pass,"There's a 1-year discrepancy between the transition article (July 2017 start) and the Willow Springs position record (2018-2022). The reasoning doesn't address or explain this gap, which could indicate an error in the position data or missing information about what happened in 2017-2018.",True
william harbron,same,high,17,PLAUSIBLE,pass,pass,weak,pass,pass,weak,pass,pass,pass,weak,Timeline inconsistency between the press release (showing Northern Ozaukee until 2011) and the position record (2008-2010) creates a minor evidentiary gap that should be resolved.,False
william lake,same,high,19,CONFIRMED,pass,pass,pass,weak,pass,pass,pass,pass,pass,pass,"Minor evidence tier classification error - obituary incorrectly labeled as Tier 1 instead of Tier 2, though this doesn't affect the conclusion's validity",False
william morgan,same,high,4,SUSPECT,pass,weak,fail,fail,fail,fail,weak,fail,fail,fail,"The evidence actually shows different positions - Bill Morgan was interim dean at Ann Arbor Learning, not superintendent, and left a principal position at Tool Elementary to become superintendent at Lefors ISD. No evidence confirms he was superintendent at Ann Arbor Learning.",True
william silver,same,high,20,CONFIRMED,pass,pass,pass,pass,pass,pass,pass,pass,pass,pass,None - this is an exemplary disambiguation with strong evidence and proper reasoning.,False
william silver,same,high,9,SUSPECT,pass,pass,weak,fail,fail,pass,pass,fail,fail,fail,"The reasoning claims 'conclusive evidence' but has a critical logical gap: no source directly connects the Killingly position (2007-2011) to the Tri-Valley position (2021-2022). The conclusion relies on an inferred chain through intermediate positions (Liberty, Monticello) that may or may not be the same person. This is a classic case of circumstantial evidence being overstated as definitive.",True
william stitt,same,high,19,CONFIRMED,pass,pass,pass,pass,pass,pass,pass,pass,pass,weak,"The reasoning is excellent overall, but there's a minor timeline discrepancy between the position dates (2011-2012 at Waldron) and the evidence showing William Stitt's tenure there was actually 2008-2013. This doesn't invalidate the 'same' conclusion but suggests the position dates may be incomplete or inaccurate.",False
william ward,same,high,19,CONFIRMED,pass,pass,weak,pass,pass,pass,pass,pass,pass,pass,"The reasoning lacks explicit documentation of the systematic 4-phase search strategy, though the evidence found appears comprehensive. More concerning is the lack of explicit LinkedIn career history verification showing the direct transition between districts, which would be the strongest Tier 1 evidence.",False
xavier de la torre,same,high,17,PLAUSIBLE,pass,pass,weak,pass,pass,weak,pass,pass,pass,weak,"Timeline discrepancy between position dates (2010-2011 vs 2012-2014) is not resolved, and full name verification is missing at the first district.",True
youssef yomtoob,same,high,7,SUSPECT,pass,pass,weak,fail,fail,pass,fail,fail,fail,fail,"The Chicago Tribune evidence appears to be about the wrong person (URL shows 'dr-joe' not 'youssef-yomtoob'), and the 5-year retirement gap followed by brief 2-year tenure represents an unusual career pattern not adequately justified.",True
yvonne bullock,same,high,7,SUSPECT,pass,pass,fail,fail,fail,pass,weak,fail,fail,fail,The reasoning makes a critical logical error by treating the Indy STEAM Academy bio's vague statement that she served as 'a Superintendent in Illinois' as specific confirmation that she was the superintendent at Meridian CUSD 101. This is a massive inferential leap without proper verification.,True
