"name_clean","leaid1","years1","state1","leaid_name1","name_raw1","leaid2","years2","state2","leaid_name2","name_raw2"
"a katrise perera","4106000","2016-2018, 2020","or","Gresham-Barlow SD 10J","A. Katrise Perera","4826670","2021-2024","tx","Lancaster Isd","Agnella Perera"
"a katrise perera","5102010","2011-2014","va","Isle Of Wight County","Mrs. A. Katrise Perera","4106000","2016-2018, 2020","or","Gresham-Barlow SD 10J","A. Katrise Perera"
"a katrise perera","5102010","2011-2014","va","Isle Of Wight County","Mrs. A. Katrise Perera","4826670","2021-2024","tx","Lancaster Isd","Agnella Perera"
"aaron jones","2931050","2018","mo","Warren Co. R-Iii","AARON JONES","500055","2019","ar","Benton County School Of Arts","Jones, Aaron"
"aaron spence","3703090","2012-2013","nc","Moore County Schools","Aaron Spence","5102250","2024","va","Loudoun County Public Schools","Aaron Spence"
"aaron spence","3703090","2012-2013","nc","Moore County Schools","Aaron Spence","5103840","2014-2023","va","Virginia Beach ","Dr. Aaron C. Spence"
"abbe boring","1300330","2005-2007","ga","Bartow County","BORING, ABBE LEE","4820600","2008-2009","tx","Georgetown Isd","Abbe Boring"
"adolfo melara","600039","2012-2013, 2015-2019","ca","Delhi Unf","Adolfo Melara","4800020","2021-2024","tx","George I Sanchez Charter","Adolfo Melara"
"alan jensen","691135","2008-2009","ca","Val Verde Unified","Alan Jensen","1914850","2008-2014","ia","Iowa Valley","Alan Jensen"
"albert roberts","2609900","2008","mi","Clarkston","Albert Roberts","1729250","2010-2013","il","Oak Park Esd 97","Dr. Albert G Roberts"
"alexandra estrella","3600079","2014-2020","ny","Nyc Geog Dist # 4 - Manhattan","Ms. Alexandra Estrella","903090","2020-2023","ct","Norwalk School District","dr. alexandra estrella"
"allen johnson","1731950","2003-2014, 2017","il","Pleasant Valley Sch Dist 62","ALLEN B JOHNSON ","3700270","2009-2012","nc","Asheville City Schools","Allen Johnson"
"amy jackson","509570","2007, 2022-2024","ar","Maynard School District","JACKSON, WILLIAM G.","2930750","2024","mo","Van Buren R-I","AMY JACKSON"
"amy kruppe","1728500","2007-2013","il","Niles Esd 71","Amy Kruppe","2618030","2015","mi","Hazel Park","Amy Kruppe"
"andre spencer","4828890","2020-2022","tx","Manor Isd","Andre Spencer","3416080","2023-2024","nj","Teaneck Twp","Dr. Andre D. Spencer"
"andrea perez","643170","2008","ca","Woodville Union Elementary","Andrea Perez","4801438","2023-2024","tx","Basis Texas","Andrea Perez"
"andrew barrett","507530","2022-2024","ar","Hazen School District","BARRETT, ANDREW D.","1716380","2023","il","Geneva Cusd 304","Dr. Andrew J Barrett"
"andrew cook","2600262","2008","mi","Romulus Metro","Andrew Cook","3613830","2013-2024","ny","Hartford Csd","Mr. Andrew Cook"
"andrew jackson","3904736","2012-2013","oh","Northwest Local","Andrew S. Jackson","1811190","2015-2021, 2023-2024","in","Sunman-Dearborn Com Sch Corp","Andrew Jackson"
"andrew miller","3904675","2013-2020","oh","Buckeye Valley Local","Andrew J. Miller","4831290","2022-2024","tx","Moody Isd","Andrew Miller"
"andrew oberg","1300232","2017","ga","Georgia Cyber Academy","ANDREW OBERG","4214880","2020-2024","pa","McGuffey SD","ANDREW OBERG"
"andrew wise","2600101","2014-2015","mi","Macomb Academy","Andrew Wise","1708970","2021-2023","il","Center Cass Sd 66","Dr. Andrew Wise"
"angela johnson","2600123","2008, 2011-2012","mi","Casa Richard","Angela Johnson","632730","2018-2022","ca","Rio Dell Elementary","Angela Johnson"
"angela smith","3904788","2014-2023","oh","Madison Local","Angela M. Smith","4813170","2021-2022","tx","Castleberry Isd","Angela Smith"
"angelica ramsey","630990","2014-2018","ca","Pleasant Valley","Angelica Ramsey","4819700","2022-2023","tx","Fort Worth Isd","Angelica Ramsey"
"angelica ramsey","630990","2014-2018","ca","Pleasant Valley","Angelica Ramsey","4830570","2021","tx","Midland Isd","Angelica Ramsey"
"ann clark","901530","2007-2009","ct","Fairfield School District","ann e. clark","3702970","2014-2016","nc","Charlotte-Mecklenburg Schools","Ann Clark"
"ann gardner","4812150","2019-2020","tx","Burkeville Isd","Ann Gardner","509990","2023-2024","ar","Mount Ida School District","GARDNER, ANN"
"anthony cook","1305700","2003-2004","ga","Whitfield County","COOK, ANTHONY W.","1804260","2010, 2012","in","Hamilton Heights School Corp","Mr Anthony Cook"
"anthony jackson","5101920","2010","va","Henry County","Dr. Anthony D. Jackson","3700750","2021-2022","nc","Chatham County Schools","Anthony Jackson"
"anthony jackson","5101920","2010","va","Henry County","Dr. Anthony D. Jackson","3703270","2011-2014","nc","Nash County Public School","Anthony Jackson"
"anthony jackson","5101920","2010","va","Henry County","Dr. Anthony D. Jackson","3704650","2015-2020","nc","Vance County Schools","Anthony Jackson"
"anthony smith","628050","2008-2010","ca","Oakland Unified","Anthony Smith","1301230","2022-2023","ga","Clayton County","SMITH,ANTHONY W"
"anthony smith","628050","2008-2010","ca","Oakland Unified","Anthony Smith","3904408","2012-2022","oh","Winton Woods City","Anthony G. Smith"
"anthony smith","3904408","2012-2022","oh","Winton Woods City","Anthony G. Smith","1301230","2022-2023","ga","Clayton County","SMITH,ANTHONY W"
"antonio garcia","4839360","1992-1995","tx","Santa Rosa Isd","Antonio Garcia","635670","2018-2022","ca","Santa Maria Joint Union High","Antonio Garcia"
"aron borowiak","1811610","2020-2022","in","Union Co/Clg Corner Joint Sch Dist","Aron Borowiak","1703840","2022-2023","il","Antioch Ccsd 34","Mr. Aron Borowiak"
"arthur culver","4828110","1999-2001","tx","Longview Isd","Arthur Culver","1709420","2003-2010","il","Champaign Comm Unit Sch Dist 4","ARTHUR R CULVER "
"arthur culver","4828110","1999-2001","tx","Longview Isd","Arthur Culver","1713320","2011-2014, 2017-2023","il","East St Louis Sd 189","Mr. Arthur Culver"
"arveneda mcdonald","2601041","2014-2015","mi","Sarah J. Webber Media Arts Academy","Arveneda McDonald","1800037","2023-2024","in","Joshua Academy","Arveneda McDonald"
"attila weninger","1729280","2007-2009","il","Oak Park - River Forest Sd 200","Dr Attila J Weninger","5506120","2016-2018","wi","Hartford Uhs School District","Attila Weninger"
"attila weninger","1729280","2007-2009","il","Oak Park - River Forest Sd 200","Dr Attila J Weninger","5514490","2010-2014","wi","Stevens Point Area Public School District","Attila Weninger"
"barbara erwin","4807890","1994-1999","tx","Allen Isd","Barbara Erwin","1737170","2004-2006","il","St Charles C U School Dist 303","DR BARBARA F ERWIN "
"barbara thompson","1715180","2005-2014, 2017-2023","il","Fisher C U School District 1","BARBARA THOMPSON ","5510500","2008","wi","New Glarus School District","Barbara Thompson"
"barry green","1900022","2004","ia","Union Comm School District","Barry Green","1713170","2007-2009","il","East Moline Sd 37","Barry Green"
"barry green","1900022","2004","ia","Union Comm School District","Barry Green","1726610","2005-2006","il","Morris School District 54","BARRY C GREEN "
"barry simpson","4030390","2012-2021","ok","Tuskahoma","Barry Simpson","691011","2017-2022","ca","Inyo County Office Of Education","Barry Simpson"
"bernard josefsberg","3410860","2016","nj","Mount Arlington Public School District","Bernard Josefsberg","3620460","2022","ny","New Paltz Csd","BERNARD JOSEFSBERG"
"bernard taylor","2916400","2003-2006","mo","Kansas City 33","BERNARD TAYLOR","2616440","2008, 2011","mi","Grand Rapids","Bernard Taylor"
"bill morgan","2005550","2013-2014","ks","Dighton","Morgan, Bill","4821270","2024","tx","Gorman Isd","Bill Morgan"
"billy adams","4807620","1990-1992","tx","Alanreed Isd","Billy Adams","508640","2014, 2016-2024","ar","Lakeside School District (Chicot County)","ADAMS, BILLY"
"billy williams","4843110","2000-2004","tx","Trent Isd","Billy Williams","505470","2013-2014, 2016-2017","ar","Drew Central School District","WILLIAMS, BILLY  ."
"billy williams","4843110","2000-2004","tx","Trent Isd","Billy Williams","514400","2007-2012","ar","Woodlawn School District","WILLIAMS, BILLY R."
"blane mccann","5513800","2008-2011","wi","Shorewood School District","Blane Mccann","3178660","2012-2018","ne","Westside Community Schools","BLANE MCCANN"
"bob bush","628710","2008-2011","ca","Orcutt Union Elementary","Bob Bush","4027240","2012","ok","Seiling","Bob Bush"
"brad cox","4814490","2019-2024","tx","Coahoma Isd","Brad Cox","1725620","2021-2023","il","Mendota Ccsd 289","Mr. Brad Cox"
"brad morris","1740680","2006-2014, 2017-2023","il","North Wamac Sd 186","BRAD E MORRIS","2008130","2009-2014","ks","South Barber","Morris, Brad"
"brad wade","2010920","2009-2016","ks","Pretty Prairie","Wade, Brad","4033240","2022-2024","ok","Wyandotte","Brad Wade"
"brandon hubbard","2634920","2014-2015","mi","Vestaburg","Brandon Hubbard","4813920","2016-2024","tx","Chilton Isd","Brandon Hubbard"
"brandon robinson","5500750","2008-2022","wi","Unity School District","Brandon Robinson","4212390","2023-2024","pa","Jefferson-Morgan SD","BRANDON ROBINSON"
"brent wilson","4800055","1999-2024","tx","Life Charter-Oak Cliff","Thomas Wilson","1804320","2024","in","School City Of Hammond","Brent Wilson"
"brent wilson","4800055","1999-2024","tx","Life Charter-Oak Cliff","Thomas Wilson","1811100","2010, 2012, 2014-2021","in","M S D Steuben County","Dr Brent Wilson"
"brett nelson","607170","2021","ca","Camino Union Elementary","Brett Nelson","2004890","2021-2024","ks","Clay County","Brett Nelson"
"brian bailey","3624150","2018-2024","ny","Ravena-Coeymans-Selkirk Csd","Dr. Brian A Bailey","3904634","2022-2023","oh","Goshen Local","Brian A. Bailey"
"brian binggeli","1200150","2010-2011","fl","Brevard","BINGGELI, BRIAN","4835100","2015-2017","tx","Plano Isd","Brian Binggeli"
"brian cordel","2921940","2019-2022","mo","New Franklin R-I","BRIAN CORDEL","2009480","2024","ks","Marais Des Cygnes Valley","Brian Cordel"
"brian davis","2618420","2008, 2011-2012, 2014-2015","mi","Holland","Brian Davis","3904412","2016-2023","oh","Hillsboro City","Brian T. Davis"
"brian metcalf","2616410","2011-2012, 2014-2015","mi","Grand Ledge","Brian Metcalf","1800045","2018-2022","in","Charles A Tindley Accelerated Sch","Brian Metcalf"
"brian metcalf","2616410","2011-2012, 2014-2015","mi","Grand Ledge","Brian Metcalf","1800145","2018-2022","in","Tindley Genesis Academy","Brian Metcalf"
"brian metcalf","2616410","2011-2012, 2014-2015","mi","Grand Ledge","Brian Metcalf","1800148","2018-2022","in","Tindley Summit Academy","Brian Metcalf"
"brian osborne","3415330","2011-2013","nj","South Orange-Maplewood School District","Brian Osborne","3620490","2014-2018","ny","New Rochelle City Sd","Dr. Brian G Osborne"
"brian pekarek","2902970","2019-2020","mo","Albany R-Iii","BRIAN PEKAREK","2010470","2024","ks","Palco","Dr. Brian Pekarek"
"brian shumate","4108040","2013-2017","or","Medford SD 549C","Brian  Shumate","1300001","2019-2023","ga","Troup County","BRIAN SHUMATE"
"brian walker","4013830","2014-2024","ok","Harmony","Brian Walker","619650","2015-2018","ca","South Monterey County Joint Union High","Brian Walker"
"brian woods","4833120","2012-2022","tx","Northside Isd","Brian Woods","3904580","2022-2023","oh","Spencerville Local","Brian D. Woods"
"broadus davis","4204200","2008-2010, 2022-2024","pa","Bristol Borough SD","Broadus Davis","3405460","2011-2013, 2019","nj","Franklin Township School","Broadus Davis"
"bruce borchers","2926850","2011-2013","mo","Rockwood R-Vi","BRUCE BORCHERS","4703240","2013-2022","tn","Oak Ridge","Mr. Bruce Borchers"
"bruce brown","1727210","2003-2008","il","Mount Prospect School Dist 57","DR BRUCE R BROWN ","2633030","2008, 2011-2012","mi","Stockbridge","Bruce Brown"
"bruce brown","1727210","2003-2008","il","Mount Prospect School Dist 57","DR BRUCE R BROWN ","3905062","2006-2008","oh","Edon-Northwest Local","Bruce T. Brown"
"bruce brown","3905062","2006-2008","oh","Edon-Northwest Local","Bruce T. Brown","2633030","2008, 2011-2012","mi","Stockbridge","Bruce Brown"
"bruce douglas","900700","2007-2015","ct","Capitol Region Education Coun","bruce e. douglas","4006330","2024","ok","Cameron","Bruce Douglas"
"bruce douglas","900700","2007-2015","ct","Capitol Region Education Coun","bruce e. douglas","4014670","2015-2023","ok","Midway","Bruce Douglas"
"bruce johnson","2929340","2003-2013","mo","Stanberry R-Ii","BRUCE JOHNSON","3172000","2005-2006","ne","Homer Community Schools","BRUCE JOHNSON"
"bruce watson","3621840","2016-2017","ny","Onteora Csd","BRUCE WATSON","3405970","2017, 2019","nj","Glen Rock Public School District","Bruce Watson"
"bruce watson","3621840","2016-2017","ny","Onteora Csd","BRUCE WATSON","3414130","2022","nj","Rockaway Twp","Bruce Watson"
"bruce watson","3621840","2016-2017","ny","Onteora Csd","BRUCE WATSON","3416110","2023","nj","Tenafly Boro","Bruce Watson"
"bryan mcgraw","4217310","2010-2020","pa","School District","BRYAN MCGRAW","2916190","2023-2024","mo","Jefferson City","BRYAN MCGRAW"
"cafer cengiz","2600967","2011-2012","mi","Michigan Mathematics And Science Academy","Cafer Cengiz","1701410","2013-2014, 2017-2018","il","Horizon Science Acad-Mckinley Park","Mr. Cafer Cengiz"
"carl baker","4831110","1991","tx","Mobeetie Isd","Carl Baker","4006480","2012-2017, 2023-2024","ok","Canton","Carl Baker"
"carl hilling","1811490","2010","in","Triton School Corporation","Mr Carl Hilling","3904463","2014-2016","oh","Parma City","Carl H. Hilling"
"carlton jenkins","2630390","2011-2012","mi","Saginaw","Carlton Jenkins","5508520","2020-2022","wi","Madison Metropolitan School District","Carlton Jenkins"
"carol birks","902790","2018","ct","New Haven School District","ms. carol birks","4202280","2023-2024","pa","Allentown City SD","CAROL BIRKS"
"carol birks","902790","2018","ct","New Haven School District","ms. carol birks","4205860","2020","pa","Chester-Upland SD","CAROL BIRKS"
"carol hansen","1906810","2004-2007","ia","Central Clinton Comm School District","Carol Hansen","628140","2013-2019","ca","Ocean View","Carol Hansen"
"carol kelley","1729250","2014, 2017-2020","il","Oak Park Esd 97","Dr. Carol Kelley","3413410","2022-2024","nj","Princeton","Kelley, Carol"
"carole schmidt","2604830","2008","mi","Benton Harbor","Carole Schmidt","1810290","2012, 2014-2015","in","South Bend Community Sch Corp","Dr Carole Schmidt"
"carolyn koos","1711910","2007-2011","il","Deer Park Ccsd 82","Carolyn Koos","3401320","2012-2013","nj","Bedminster Township Public School","Carolyn Koos"
"carolyn mcgaughey","4836970","1990-1993","tx","Rice Cons Isd","Carolyn Mcgaughey","1921870","2004-2009","ia","Oskaloosa Comm School District","Carolyn McGaughey"
"cassandra schug","5515750","2011-2021","wi","Watertown Unified School District","Cassandra Schug","1705790","2022-2023","il","Belvidere Cusd 100","Dr. Cassandra J Schug"
"chad hall","4017580","2018-2024","ok","Lexington","Chad` Hall","2904980","2023-2024","mo","Bevier C-4","Chad Hall"
"charles baker","1742180","2009","il","Cusd 200","Dr. Charles Baker","3904517","2014-2022","oh","Zanesville City","Charles D. Baker"
"charles baker","4203360","2008-2013","pa","Bentworth SD","CHARLES BAKER","1742180","2009","il","Cusd 200","Dr. Charles Baker"
"charles baker","4203360","2008-2013","pa","Bentworth SD","CHARLES BAKER","3904517","2014-2022","oh","Zanesville City","Charles D. Baker"
"charles coleman","2600005","2008","mi","Battle Creek","Charles Coleman","1720580","2011-2014","il","Joliet Psd 86","Dr. Charles E Coleman"
"charles cudney","2921120","2003-2008","mo","Monett R-I","CHARLES CUDNEY","506930","2010-2013","ar","Greenland School District","CUDNEY, CHARLES J."
"charles dumas","1303720","1999","ga","Monroe County","DUMAS, CHARLES E.","2629120","2008, 2011-2012, 2014-2015","mi","Portland","Charles Dumas"
"charles edmonds","2006540","2009-2010","ks","Goddard","Edmonds, Charles S.","4702100","2011-2016","tn","Jefferson County","Dr. Charles Edmonds"
"charles garland","3704920","2014-2018","nc","Whiteville City Schools","Charles Garland","1302970","2019-2023","ga","Jasper County","Charles Garland"
"charles hanson","513950","2007-2009","ar","Weiner School District","HANSON, CHARLES","5514910","2020-2024","wi","Tomah Area School District","Charles Hanson"
"charles holloway","1302880","1999-2002","ga","Houston County","HOLLOWAY,CHARLES A.","4812510","2003-2010","tx","Callisburg Isd","Charles Holloway"
"charles holloway","1302880","1999-2002","ga","Houston County","HOLLOWAY,CHARLES A.","4842870","2011-2022","tx","Tioga Isd","Charles Holloway"
"charles howard","3904529","2007-2011","oh","Chesapeake Union Exempted Village","Charles S. Howard","510200","2018-2022","ar","Mountain View School District","HOWARD, CHARLES B."
"charles martin","608520","2008-2019","ca","Chowchilla Elementary","Charles Martin","4833010","2017","tx","North Lamar Isd","Charles Martin"
"charles martin","608520","2008-2019","ca","Chowchilla Elementary","Charles Martin","4842120","2010-2013","tx","Rivercrest Isd","Charles Martin"
"charles martin","1742960","2004-2006","il","Wolf Branch Sch Dist 113","CHARLES E MARTIN ","4833010","2017","tx","North Lamar Isd","Charles Martin"
"charles martin","1742960","2004-2006","il","Wolf Branch Sch Dist 113","CHARLES E MARTIN ","4842120","2010-2013","tx","Rivercrest Isd","Charles Martin"
"charles martin","1742960","2004-2006","il","Wolf Branch Sch Dist 113","CHARLES E MARTIN ","608520","2008-2019","ca","Chowchilla Elementary","Charles Martin"
"charles mcnulty","5505730","2008-2010","wi","Black Hawk School District","Charles Mcnulty","511850","2018-2023","ar","Pulaski Co. Spec. School Dist.","McNulty, Charles"
"charles murphy","3615510","2010-2024","ny","Island Trees Ufsd","Dr. Charles J Murphy","3904510","2021","oh","Willoughby-Eastlake City","Charles A. Murphy"
"charles sampson","3405610","2011-2017, 2019-2023","nj","Freehold Regional High School District","Charles Sampson","3618240","2024","ny","Mamaroneck Ufsd","CHARLES SAMPSON"
"charles wilson","1300630","2012-2023","ga","Bulloch County","CHARLES WILSON","3613950","2019","ny","Hastings-On-Hudson Ufsd","CHARLES WILSON"
"charles wilson","1300630","2012-2023","ga","Bulloch County","CHARLES WILSON","3629040","2015","ny","Tuckahoe Ufsd","Dr. Charles T Wilson"
"charlotte baker","4818210","1990-1994","tx","Edna Isd","Charlotte Baker","2911940","2003-2004","mo","Mid-Buchanan Co. R-V","CHARLOTTE BAKER"
"charlotte baker","4818210","1990-1994","tx","Edna Isd","Charlotte Baker","2913230","2005-2007","mo","Green City R-I","CHARLOTTE BAKER"
"charlotte baker","4818210","1990-1994","tx","Edna Isd","Charlotte Baker","2921060","2024","mo","Missouri City 56","CHARLOTTE BAKER"
"cheryl atkinson","3904426","2007-2010","oh","Lorain City","Cheryl L. Atkinson","1301740","2011-2012","ga","Dekalb County","Cheryl L. H. Atkinson"
"cheryl smith","4819280","2006-2009","tx","Flatonia Isd","Cheryl Smith","3404470","2012-2013","nj","Edgewater Park Township","Cheryl Smith"
"chris ballenger","4015750","2012-2016","ok","Jennings","Chris Ballenger","5103870","2020-2024","va","Warren County","Dr. Chris L. Ballenger"
"chris clark","3904846","2013-2022","oh","Black River Local","Chris A. Clark","1736640","2019-2023","il","South Fork Sd 14","Mr. Chris E Clark"
"chris smith","4008610","2016-2024","ok","Copan","Chris Smith","4811610","2018-2024","tx","Brownfield Isd","Christopher Smith"
"christine anderson","629550","2009-2013","ca","Palm Springs Unified","Christine Anderson","5515090","2018-2023","wi","Twin Lakes #4 School District","Christine Anderson"
"christine barnes","2610410","2015","mi","Colon","Christine Barnes","1915630","2017-2020","ia","Keokuk Comm School District","Christine Barnes"
"christopher brown","3630630","2010-2018","ny","West Genesee Csd","Dr. Christopher R Brown","607440","2021-2022","ca","Capistrano Unified","Christopher Brown"
"christopher brown","3904738","2007-2014","oh","Southwest Local","Christopher R. Brown","3630630","2010-2018","ny","West Genesee Csd","Dr. Christopher R Brown"
"christopher brown","3904738","2007-2014","oh","Southwest Local","Christopher R. Brown","607440","2021-2022","ca","Capistrano Unified","Christopher Brown"
"cleveland hammonds","2929280","2003","mo","St. Louis City","CLEVELAND HAMMONDS","1740200","2007-2008","il","Venice Cusd 3","Cleveland Hammonds"
"colleen murray","900240","2016-2021","ct","Bethany School District","ms. colleen murray","3409180","2023-2024","nj","Lumberton Twp","Colleen Murray"
"connie hathorn","3904516","2010-2013","oh","Youngstown City Schools","Connie G. Hathorn","513930","2014, 2016","ar","Watson Chapel School District","HATHORN, CONNIE G."
"corey seymour","4839300","2016-2017","tx","Santa Gertrudis Isd","Corey Seymour","1907590","2023-2024","ia","Clear Creek Amana Comm School District","Dr. Corey Seymour"
"craig artist","1930750","2004-2010","ia","West Branch Comm School District","Craig Artist","2629250","2011-2012, 2014-2015","mi","Quincy","Craig Artist"
"craig fiegel","2628560","2008","mi","Plymouth-Canton","Craig Fiegel","1724940","2012-2014, 2017-2022","il","Mascoutah Cud 19","Dr. Craig A Fiegel"
"creg williams","2929280","2005-2006","mo","St. Louis City","CREG WILLIAMS","1738940","2006-2014, 2017","il","Thornton Fractional Twp Hsd 215","DR CREG E WILLIAMS"
"crystal edwards","3408400","2012-2017","nj","Lawrence Township Public Schools","Crystal Edwards","5102340","2018-2024","va","Lynchburg ","Dr. Crystal Edwards"
"cuneyt akdemir","500074","2010","ar","Lisa Academy Charter","AKDEMIR, CUNEYT","4800241","2014-2015","tx","Harmony Science Academy (Austin)","Cuneyt Akdemir"
"curt rheingans","1711220","2017-2020","il","Creston Ccsd 161","Mr. Curtis Rheingans","1910980","2023-2024","ia","English Valleys Comm School District","Curt  Rheingans"
"curt rheingans","1711220","2017-2020","il","Creston Ccsd 161","Mr. Curtis Rheingans","1914850","2023-2024","ia","Iowa Valley Comm School District","Curt  Rheingans"
"dale ellis","620760","2008-2011","ca","Lakeside Union Elementary","Dale Ellis","3703060","2010-2022","nc","Montgomery County Schools","Dale Ellis"
"dale greimann","1910110","2004-2006","ia","East Buchanan Comm School District","Dale Greimann","1716050","2007-2012","il","Galena Usd 120","Dr Dale Greimann"
"dale martin","1712540","2003-2007","il","Downers Grove Grade Sch Dist 58","DR DALE F MARTIN ","2610140","2008","mi","Coldwater","Dale Martin"
"dale martin","1712540","2003-2007","il","Downers Grove Grade Sch Dist 58","DR DALE F MARTIN ","3100119","2012-2019","ne","Nebraska Unified District 1","DALE MARTIN"
"dale martin","1712540","2003-2007","il","Downers Grove Grade Sch Dist 58","DR DALE F MARTIN ","3100141","2022-2024","ne","Emerson-Hubbard Public Schools","Dale Martin"
"dale martin","1712540","2003-2007","il","Downers Grove Grade Sch Dist 58","DR DALE F MARTIN ","3100189","2020","ne","Summerland Public Schools","Dale Martin"
"dale martin","2610140","2008","mi","Coldwater","Dale Martin","3100119","2012-2019","ne","Nebraska Unified District 1","DALE MARTIN"
"dale martin","2610140","2008","mi","Coldwater","Dale Martin","3100141","2022-2024","ne","Emerson-Hubbard Public Schools","Dale Martin"
"dale martin","2610140","2008","mi","Coldwater","Dale Martin","3100189","2020","ne","Summerland Public Schools","Dale Martin"
"dale mitchell","1719530","2004-2014, 2017-2020","il","Homewood School District 153","DR DALE E MITCHELL ","613530","2008-2012","ca","Fallbrook Union High","Dale Mitchell"
"dale slagle","2904020","2003-2009","mo","Aurora R-Viii","DALE SLAGLE","2006300","2009-2012","ks","Frontenac Public Schools","Slagle, Dale"
"dan cox","1907080","2013-2017","ia","Charles City","Daniel Cox","1734320","2019-2023","il","Rochester Cusd 3a","Mr. Dan W Cox"
"dan cox","1907080","2013-2017","ia","Charles City","Daniel Cox","1737590","2014, 2017-2018","il","Staunton Cusd 6","Mr. Dan W Cox"
"dan moore","1900026","2009-2019","ia","South O'brien Comm School District","Dan Moore","3700690","2015","nc","Catawba County Schools","Dan Moore"
"dana bedden","1304380","2007-2009","ga","Richmond County","BEDDEN, DANA T","4203960","2018-2019","pa","Boyertown Area SD","DANA BEDDEN"
"dana bedden","1304380","2007-2009","ga","Richmond County","BEDDEN, DANA T","4205190","2020-2024","pa","Centennial SD","Dana Bedden"
"dana bedden","1304380","2007-2009","ga","Richmond County","BEDDEN, DANA T","4824420","2010-2012","tx","Irving Isd","Dana Bedden"
"dana bedden","1304380","2007-2009","ga","Richmond County","BEDDEN, DANA T","5103240","2013-2016","va","Richmond ","Dr. Dana Bedden"
"dana bedden","4824420","2010-2012","tx","Irving Isd","Dana Bedden","4203960","2018-2019","pa","Boyertown Area SD","DANA BEDDEN"
"dana bedden","4824420","2010-2012","tx","Irving Isd","Dana Bedden","4205190","2020-2024","pa","Centennial SD","Dana Bedden"
"dana bedden","4824420","2010-2012","tx","Irving Isd","Dana Bedden","5103240","2013-2016","va","Richmond ","Dr. Dana Bedden"
"dana bedden","5103240","2013-2016","va","Richmond ","Dr. Dana Bedden","4203960","2018-2019","pa","Boyertown Area SD","DANA BEDDEN"
"dana bedden","5103240","2013-2016","va","Richmond ","Dr. Dana Bedden","4205190","2020-2024","pa","Centennial SD","Dana Bedden"
"daniel brenner","3625050","2010-2014","ny","Roslyn Ufsd","Dr. Daniel Brenner","901050","2015-2017","ct","Darien School District","mr. daniel brenner"
"daniel gallagher","3402100","2014-2017, 2019-2022","nj","Bound Brook School District","Daniel Gallagher","4827720","2017-2022","tx","Little Elm Isd","Daniel Gallagher"
"daniel george","3627660","2010-2012","ny","Southwestern Csd At Jamestown","Mr. Daniel A George","2600207","2011-2012, 2014-2015","mi","Creative Technologies Academy","Daniel George"
"daniel johnson","2920820","2018-2024","mo","Miami R-I","DANIEL JOHNSON","1732910","2019-2020","il","Proviso Twp Hsd 209","Mr. Daniel Johnson"
"daniel johnson","2920820","2018-2024","mo","Miami R-I","DANIEL JOHNSON","3402520","2019-2024","nj","Butler Boro","Daniel Johnson"
"daniel johnson","2920820","2018-2024","mo","Miami R-I","DANIEL JOHNSON","4800072","2021-2024","tx","Nova Academy","Daniel Johnson"
"daniel johnson","2920820","2018-2024","mo","Miami R-I","DANIEL JOHNSON","4800201","2021-2024","tx","Nova Academy Southeast","Daniel Johnson"
"daniel johnson","3402520","2019-2024","nj","Butler Boro","Daniel Johnson","4800072","2021-2024","tx","Nova Academy","Daniel Johnson"
"daniel johnson","3402520","2019-2024","nj","Butler Boro","Daniel Johnson","4800201","2021-2024","tx","Nova Academy Southeast","Daniel Johnson"
"daniel lukich","1730420","2008-2009","il","Palatine Ccsd 15","Dr Daniel W Lukich","5102160","2011-2012","va","Lancaster County","Dr. Daniel Lukich"
"daniel lukich","3910016","2005-2006","oh","Orange City","Daniel W. Lukich","1730420","2008-2009","il","Palatine Ccsd 15","Dr Daniel W Lukich"
"daniel lukich","3910016","2005-2006","oh","Orange City","Daniel W. Lukich","5102160","2011-2012","va","Lancaster County","Dr. Daniel Lukich"
"daniel nelson","1808070","2016-2024","in","North Vermillion Com Sch Corp","Daniel Nelson","626130","2018-2020","ca","Mountain House Elementary","Daniel Nelson"
"daniel nerad","5508520","2008-2011","wi","Madison Metropolitan School District","Daniel Nerad","2605850","2012, 2014-2015","mi","Birmingham","Daniel Nerad"
"daniel roberts","3910010","2005-2011","oh","Miami Trace Local","Daniel W. Roberts","2906480","2012-2013","mo","Calhoun R-Viii","DANIEL ROBERTS"
"daniel smith","1906510","2004-2005","ia","Cedar Falls Comm School District","Daniel H Smith","5102250","2023","va","Loudoun County Public Schools","Daniel W Smith"
"danielle davis","5500046","2013","wi","Ymca Young Leaders Academy Agency","Danielle Davis","3904863","2022-2023","oh","Newton Local","Danielle L. Davis"
"darin powell","2905660","2012-2014","mo","Bowling Green R-I","DARIN POWELL","1701387","2022-2023","il","Western Cusd 12","Mr. Darin Powell"
"darrell floyd","4010920","2014-2023","ok","Enid","Darrell Floyd","4810590","2023-2024","tx","Blue Ridge Isd","Darrell Floyd"
"darrell smith","514430","2007","ar","Wynne School District","SMITH, DARRELL","1917820","2011","ia","Louisa-Muscatine","Darrell Smith"
"darrell smith","514430","2007","ar","Wynne School District","SMITH, DARRELL","1926580","2009","ia","Solon Comm School District","Darrell Smith"
"darrell smith","514430","2007","ar","Wynne School District","SMITH, DARRELL","1930720","2008","ia","West Bend-Mallard","Darrell Smith"
"daryl herrick","5502460","2009-2012","wi","Cedarburg School District","Daryl Herrick","1719080","2014","il","Twp Hsd 113","Dr. Daryl Herrick"
"daryl pruter","2009900","2009-2014","ks","Neodesha","Pruter, Daryl","4026640","2022-2024","ok","South Coffeyville","Daryl Pruter"
"dave wilcox","510620","2013","ar","Norphlet School District","WILCOX, DAVE  .","4846200","2020-2024","tx","Winnsboro Isd","Brian Wilcox"
"david adams","1810140","2010, 2012, 2014-2017","in","Shelbyville Central Schools","Mr David Adams","3904883","2017-2023","oh","East Muskingum Local","David C. Adams"
"david baker","3905042","2005-2008","oh","Springboro Community City","David D. Baker","2922500","2024","mo","Niangua R-V","DAVID BAKER"
"david benson","1906540","2009-2014","ia","Cedar Rapids Comm School District","David Benson","2918300","2017","mo","Lee's Summit R-Vii","DAVID BENSON"
"david bills","1733930","2003-2005","il","Riverdale C U School Dist 100","DAVID BILLS ","3614670","2010-2019","ny","Honeoye Csd","Mr. David C Bills"
"david bills","1733930","2003-2005","il","Riverdale C U School Dist 100","DAVID BILLS ","3630630","2020-2024","ny","West Genesee Csd","DAVID BILLS"
"david bradley","1907080","2005-2007","ia","Charles City","David Bradley","5506060","2008-2012","wi","Saint Croix Central School District","David Bradley"
"david brax","2004200","2009-2010","ks","Buhler","Brax, David","2927570","2012-2017","mo","Savannah R-Iii","David Brax"
"david brewer","4832790","1990-1994","tx","Nocona Isd","David Brewer","4000759","2022","ok","Seminole County Ilc","David Brewer"
"david brewer","4832790","1990-1994","tx","Nocona Isd","David Brewer","4029640","2012-2013","ok","Temple","David Brewer"
"david brewer","4832790","1990-1994","tx","Nocona Isd","David Brewer","4030990","2014-2022","ok","Varnum","David Brewer"
"david brewer","4832790","1990-1994","tx","Nocona Isd","David Brewer","4031950","2023","ok","Waukomis","David Brewer"
"david brown","3608850","2019, 2021-2022","ny","Deruyter Csd","DAVID BROWN","1730900","2022-2023","il","Gen George Patton Sd 133","Mr. David L Brown"
"david brown","4843890","2017-2024","tx","Van Alstyne Isd","David Brown","1730900","2022-2023","il","Gen George Patton Sd 133","Mr. David L Brown"
"david brown","4843890","2017-2024","tx","Van Alstyne Isd","David Brown","3608850","2019, 2021-2022","ny","Deruyter Csd","DAVID BROWN"
"david campbell","2626370","2008","mi","Olivet","David Campbell","3617130","2018-2024","ny","Letchworth Csd","Mr. David T Campbell"
"david campbell","2626370","2008","mi","Olivet","David Campbell","4214460","2008-2024","pa","Line Mountain SD","DAVID CAMPBELL"
"david campbell","4214460","2008-2024","pa","Line Mountain SD","DAVID CAMPBELL","3617130","2018-2024","ny","Letchworth Csd","Mr. David T Campbell"
"david carr","3631200","2010-2011","ny","Wheelerville Ufsd","Mr. David D Carr","3416870","2015-2017, 2019-2024","nj","Wallkill Valley Regional High School District","David Carr"
"david carr","4841430","2002-2016","tx","Stanton Isd","David Carr","3416870","2015-2017, 2019-2024","nj","Wallkill Valley Regional High School District","David Carr"
"david carr","4841430","2002-2016","tx","Stanton Isd","David Carr","3631200","2010-2011","ny","Wheelerville Ufsd","Mr. David D Carr"
"david carriger","2005070","2009-2017","ks","Columbus","Carriger, David","4025320","2018-2024","ok","Quapaw","David Carriger"
"david damerall","4809630","1990-1993","tx","Bay City Isd","David Damerall","2916770","2003-2009","mo","Kirkwood R-Vii","DAVID DAMERALL"
"david davis","4828590","2009-2010","tx","Luling Isd","David Davis","3904527","2022-2023","oh","Carrollton Exempted Village","David L. Davis"
"david downs","2913560","2017-2024","mo","Hallsville R-Iv","DAVID DOWNS","500068","2019-2024","ar","Emerson-Taylor School District","Downs, David"
"david dude","1301680","2016-2020","ga","Decatur City","DAVID DUDE","5502070","2022-2024","wi","Cambria-Friesland School District","David Dude"
"david dudrey","3178260","2001-2002","ne","Wallace Public Sch Dist 65 R","DAVID DUDREY","1907650","2004","ia","Clearfield Comm School District","David Dudrey"
"david duncan","4025530","2012-2018","ok","Ravia","David Duncan","4701890","2013-2019","tn","Hollow Rock - Bruceton","Mr. David Duncan"
"david flowers","2007620","2009","ks","Hutchinson Public Schools","Flowers, David","4824000","2014-2024","tx","Huntington Isd","David Flowers"
"david fuller","3400758","2012-2013","nj","Newark Prep Charter School","David Fuller","4801437","2013-2016","tx","C O R E Academy","David Fuller"
"david gray","3904664","2005-2010","oh","Franklin Monroe Local","David A. Gray","2612810","2015","mi","Eau Claire","DAVID GRAY"
"david haggard","2921940","2010-2018","mo","New Franklin R-I","DAVID HAGGARD","1912750","2011-2012","ia","Glidden-Ralston","David Haggard"
"david harris","1926280","2004-2005","ia","Sigourney Comm School District","David Harris","4816860","2012-2017","tx","Desoto Isd","David Harris"
"david hill","1710470","2019-2023","il","Ccsd 93","Dr. David H Hill","1930540","2024","ia","Waverly-Shell Rock Comm School District","David  Hill"
"david hill","2600074","2011-2012","mi","Concord - Petoskey","David Hill","1710470","2019-2023","il","Ccsd 93","Dr. David H Hill"
"david hill","2600074","2011-2012","mi","Concord - Petoskey","David Hill","1912660","2016-2019","ia","Gladbrook-Reinbeck Comm School District","David Hill"
"david hill","2600074","2011-2012","mi","Concord - Petoskey","David Hill","1921000","2015-2020, 2023","ia","North Tama County Comm School District","David Hill"
"david hill","2600074","2011-2012","mi","Concord - Petoskey","David Hill","1930540","2024","ia","Waverly-Shell Rock Comm School District","David  Hill"
"david jackson","3904873","2009-2023","oh","Northridge Local","David A. Jackson","2011520","2011-2012","ks","Chautauqua Co Community","Jackson, David E"
"david jackson","3904873","2009-2023","oh","Northridge Local","David A. Jackson","2012810","2013","ks","Lebo-Waverly","Jackson, David"
"david jackson","3904873","2009-2023","oh","Northridge Local","David A. Jackson","4814160","2019","tx","Clarendon Isd","David Jackson"
"david jackson","3904873","2009-2023","oh","Northridge Local","David A. Jackson","4842540","2014","tx","Texhoma Isd","David Jackson"
"david jackson","3904873","2009-2023","oh","Northridge Local","David A. Jackson","4843980","2013","tx","Vega Isd","David Jackson"
"david jones","3702100","2010-2015","nc","Henderson County Schools","David Jones","3100141","2011-2015","ne","Emerson-Hubbard Public Schools","DAVID JONES"
"david jones","3702100","2010-2015","nc","Henderson County Schools","David Jones","4800116","2012","tx","Jamie's House Charter School","David Jones"
"david jones","3702100","2010-2015","nc","Henderson County Schools","David Jones","601426","2015-2018","ca","Bonsall Unified","David Jones"
"david larson","1716830","2012-2014, 2017-2023","il","Glenbard Twp Hsd 87","Dr. David Larson","1904740","2014-2018","ia","Bennett Comm School District","David Larson"
"david larson","1716830","2012-2014, 2017-2023","il","Glenbard Twp Hsd 87","Dr. David Larson","1921720","2016-2018","ia","Olin Consolidated School District","Dave Larson"
"david larson","2605850","2008, 2011","mi","Birmingham","David Larson","1716830","2012-2014, 2017-2023","il","Glenbard Twp Hsd 87","Dr. David Larson"
"david larson","2605850","2008, 2011","mi","Birmingham","David Larson","1904740","2014-2018","ia","Bennett Comm School District","David Larson"
"david larson","2605850","2008, 2011","mi","Birmingham","David Larson","1921720","2016-2018","ia","Olin Consolidated School District","Dave Larson"
"david larson","2605850","2008, 2011","mi","Birmingham","David Larson","3904533","2010-2012","oh","Covington Exempted Village","David A. Larson"
"david larson","3904533","2010-2012","oh","Covington Exempted Village","David A. Larson","1716830","2012-2014, 2017-2023","il","Glenbard Twp Hsd 87","Dr. David Larson"
"david larson","3904533","2010-2012","oh","Covington Exempted Village","David A. Larson","1904740","2014-2018","ia","Bennett Comm School District","David Larson"
"david larson","3904533","2010-2012","oh","Covington Exempted Village","David A. Larson","1921720","2016-2018","ia","Olin Consolidated School District","Dave Larson"
"david lewis","1303870","2013-2023","ga","Muscogee County","DAVID LEWIS","1701424","2022","il","Betty Shabazz International Charter School","David Lewis"
"david lewis","1303870","2013-2023","ga","Muscogee County","DAVID LEWIS","3704880","2020-2022","nc","Wayne County Public Schools","David Lewis"
"david lewis","1303870","2013-2023","ga","Muscogee County","DAVID LEWIS","3904445","2019-2023","oh","Newark City","David L. Lewis"
"david lewis","1303870","2013-2023","ga","Muscogee County","DAVID LEWIS","4815540","2023-2024","tx","Crane Isd","David Lewis"
"david lewis","1303870","2013-2023","ga","Muscogee County","DAVID LEWIS","4837500","2017-2022","tx","Rochelle Isd","David Lewis"
"david lewis","1701424","2022","il","Betty Shabazz International Charter School","David Lewis","4815540","2023-2024","tx","Crane Isd","David Lewis"
"david lewis","3704880","2020-2022","nc","Wayne County Public Schools","David Lewis","1701424","2022","il","Betty Shabazz International Charter School","David Lewis"
"david lewis","3704880","2020-2022","nc","Wayne County Public Schools","David Lewis","4815540","2023-2024","tx","Crane Isd","David Lewis"
"david markward","1734410","2003","il","Rock Island School District 41","DR DAVID MARKWARD ","1906540","2004-2008","ia","Cedar Rapids Comm School District","David Markward"
"david martin","3702680","2009","nc","Lincoln County Schools","David Martin","4700145","2021-2022","tn","Tennessee School For Blind","Dr. David Martin"
"david miller","1201950","2010-2012","fl","Wakulla","MILLER, DAVID","624750","2021","ca","Middletown Unified","David Miller"
"david miller","3100105","2009-2013","ne","Bridgeport Public Schools","DAVID MILLER","1201950","2010-2012","fl","Wakulla","MILLER, DAVID"
"david miller","3100105","2009-2013","ne","Bridgeport Public Schools","DAVID MILLER","624750","2021","ca","Middletown Unified","David Miller"
"david moyer","5501890","2010-2011","wi","Burlington Area School District","David Moyer","1713970","2014, 2017-2020","il","Elmhurst Sd 205","Dr. David Moyer"
"david moyer","5501890","2010-2011","wi","Burlington Area School District","David Moyer","1726400","2012-2013","il","Moline Usd 40","Dr. David Moyer"
"david moyer","5501890","2010-2011","wi","Burlington Area School District","David Moyer","3621270","2024","ny","Northport-East Northport Ufsd","DAVID MOYER"
"david patterson","601337","2009","ca","Sbe - Western Sierra Collegiate Academy","David Patterson","2601028","2014-2015","mi","Charlton Heston Academy","David Patterson"
"david powell","1719200","2008-2014, 2017-2023","il","Hillsboro Cusd 3","David E Powell","4006030","2013","ok","Byars","David Powell"
"david powell","1719200","2008-2014, 2017-2023","il","Hillsboro Cusd 3","David E Powell","4032010","2012-2018","ok","Wayne","David Powell"
"david price","4818940","2001-2008, 2017-2018","tx","Fairfield Isd","David Price","4207320","2010, 2017","pa","School District","David Price"
"david pruneau","2629940","2008","mi","Rochester","David Pruneau","1713970","2011-2013","il","Elmhurst Sd 205","Mr. David Pruneau"
"david rice","3905059","2005-2015","oh","Triway Local","David W. Rice","633660","2020-2022","ca","Ross Elementary","David Rice"
"david richards","2614820","2011-2012, 2014-2015","mi","Fraser","David Richards","3622260","2012-2013","ny","Oxford Academy & Csd","Dr. David Richards"
"david richards","2614820","2011-2012, 2014-2015","mi","Fraser","David Richards","3629240","2014-2024","ny","Otego-Unadilla Csd","Mr. David Richards"
"david rogers","1927500","2004","ia","West Central Valley Comm School District","David Rogers","1732830","2006-2014","il","Prophetstown-Lyndon-Tampico Cusd3","DAVID R ROGERS"
"david russell","2929730","2015-2021","mo","Success R-Vi","David Russell","4813440","2018-2024","tx","Central Heights Isd","David Russell"
"david smith","504980","2007","ar","Decatur School District","SMITH, DAVID C.","1304140","2017-2019","ga","Pierce County","DAVID KEVIN SMITH"
"david smith","504980","2007","ar","Decatur School District","SMITH, DAVID C.","1803450","2012, 2014-2024","in","Evansville Vanderburgh Sch Corp","Dr David Smith"
"david smith","504980","2007","ar","Decatur School District","SMITH, DAVID C.","1927000","2009-2020, 2023-2024","ia","Spirit Lake Comm School District","Dave Smith"
"david smith","504980","2007","ar","Decatur School District","SMITH, DAVID C.","4004950","2018-2021","ok","Bokoshe","David Smith"
"david smith","504980","2007","ar","Decatur School District","SMITH, DAVID C.","5103060","2010-2015","va","Prince Edward County","Dr. David Smith"
"david smith","1304140","2017-2019","ga","Pierce County","DAVID KEVIN SMITH","4004950","2018-2021","ok","Bokoshe","David Smith"
"david smith","1927000","2009-2020, 2023-2024","ia","Spirit Lake Comm School District","Dave Smith","1304140","2017-2019","ga","Pierce County","DAVID KEVIN SMITH"
"david smith","1927000","2009-2020, 2023-2024","ia","Spirit Lake Comm School District","Dave Smith","1803450","2012, 2014-2024","in","Evansville Vanderburgh Sch Corp","Dr David Smith"
"david smith","1927000","2009-2020, 2023-2024","ia","Spirit Lake Comm School District","Dave Smith","4004950","2018-2021","ok","Bokoshe","David Smith"
"david smith","1927000","2009-2020, 2023-2024","ia","Spirit Lake Comm School District","Dave Smith","5103060","2010-2015","va","Prince Edward County","Dr. David Smith"
"david smith","1803450","2012, 2014-2024","in","Evansville Vanderburgh Sch Corp","Dr David Smith","1304140","2017-2019","ga","Pierce County","DAVID KEVIN SMITH"
"david smith","1803450","2012, 2014-2024","in","Evansville Vanderburgh Sch Corp","Dr David Smith","4004950","2018-2021","ok","Bokoshe","David Smith"
"david smith","2908250","2003-2004","mo","Center 58","DAVID SMITH","1304140","2017-2019","ga","Pierce County","DAVID KEVIN SMITH"
"david smith","2908250","2003-2004","mo","Center 58","DAVID SMITH","1803450","2012, 2014-2024","in","Evansville Vanderburgh Sch Corp","Dr David Smith"
"david smith","2908250","2003-2004","mo","Center 58","DAVID SMITH","1927000","2009-2020, 2023-2024","ia","Spirit Lake Comm School District","Dave Smith"
"david smith","2908250","2003-2004","mo","Center 58","DAVID SMITH","4004950","2018-2021","ok","Bokoshe","David Smith"
"david smith","2908250","2003-2004","mo","Center 58","DAVID SMITH","504980","2007","ar","Decatur School District","SMITH, DAVID C."
"david smith","2908250","2003-2004","mo","Center 58","DAVID SMITH","5103060","2010-2015","va","Prince Edward County","Dr. David Smith"
"david smith","4800087","1999-2002","tx","Valley High","David Smith","1304140","2017-2019","ga","Pierce County","DAVID KEVIN SMITH"
"david smith","4800087","1999-2002","tx","Valley High","David Smith","1803450","2012, 2014-2024","in","Evansville Vanderburgh Sch Corp","Dr David Smith"
"david smith","4800087","1999-2002","tx","Valley High","David Smith","1927000","2009-2020, 2023-2024","ia","Spirit Lake Comm School District","Dave Smith"
"david smith","4800087","1999-2002","tx","Valley High","David Smith","2908250","2003-2004","mo","Center 58","DAVID SMITH"
"david smith","4800087","1999-2002","tx","Valley High","David Smith","4004950","2018-2021","ok","Bokoshe","David Smith"
"david smith","4800087","1999-2002","tx","Valley High","David Smith","504980","2007","ar","Decatur School District","SMITH, DAVID C."
"david smith","4800087","1999-2002","tx","Valley High","David Smith","5103060","2010-2015","va","Prince Edward County","Dr. David Smith"
"david smith","5103060","2010-2015","va","Prince Edward County","Dr. David Smith","1304140","2017-2019","ga","Pierce County","DAVID KEVIN SMITH"
"david smith","5103060","2010-2015","va","Prince Edward County","Dr. David Smith","1803450","2012, 2014-2024","in","Evansville Vanderburgh Sch Corp","Dr David Smith"
"david smith","5103060","2010-2015","va","Prince Edward County","Dr. David Smith","4004950","2018-2021","ok","Bokoshe","David Smith"
"david spencer","3100110","2004-2024","ne","South Platte Public Schools","DAVID SPENCER","1800206","2019","in","Kipp Indy Legacy High","David Spencer"
"david stephens","513530","2013-2014, 2016-2019","ar","Vilonia School District","STEPHENS, DAVID  .","4700153","2013-2022","tn","Bartlett","Mr. David Stephens"
"david stephens","2921840","2009-2014","mo","Nevada R-V","DAVID STEPHENS","4700153","2013-2022","tn","Bartlett","Mr. David Stephens"
"david stephens","2921840","2009-2014","mo","Nevada R-V","DAVID STEPHENS","513530","2013-2014, 2016-2019","ar","Vilonia School District","STEPHENS, DAVID  ."
"david stout","4811820","2011-2018","tx","Bryson Isd","David Stout","4013200","2022-2024","ok","Grandfield","David Stout"
"david strudthoff","1923340","2004-2007","ia","Postville Comm School District","David Strudthoff","5503240","2008-2010","wi","De Soto Area School District","David Strudthoff"
"david strudthoff","1923340","2004-2007","ia","Postville Comm School District","David Strudthoff","5510500","2011-2012","wi","New Glarus School District","David Strudthoff"
"david ulrich","3904928","2012-2014","oh","Preble Shawnee Local","David A. Ulrich","2916770","2021-2024","mo","Kirkwood R-Vii","DAVID ULRICH"
"deborah wheeler","902220","2009-2013","ct","Litchfield School District","deborah s. wheeler","4224390","2014-2017","pa","Upper Dublin SD","DEBORAH WHEELER"
"debra kaplan","642000","2009-2012","ca","West Covina Unified","Debra Kaplan","3609120","2010","ny","Dobbs Ferry Ufsd","Ms. Debra Kaplan"
"demond means","1301170","2017-2020","ga","Clarke County","DEMOND MEANS","5515990","2021-2024","wi","Wauwatosa School District","Demond Means"
"denise herrmann","633630","2016-2017","ca","Roseville Joint Union High","Denise Herrmann","1722830","2021-2023","il","Chsd 128","Dr. Denise Herrmann"
"dennis fisher","2923550","2006-2012","mo","Park Hill","DENNIS FISHER","508130","2018","ar","Huntsville School District","Fisher, Dennis"
"dennis johnson","1921600","2004","ia","Odebolt-Arthur Comm School District","Dennis Johnson","3614550","2010-2011","ny","Holland Csd","Mr. Dennis Johnson"
"dennis johnson","1921600","2004","ia","Odebolt-Arthur Comm School District","Dennis Johnson","4105760","2012-2013","or","Central Curry SD 1","Dennis Johnson"
"dennis johnson","3614550","2010-2011","ny","Holland Csd","Mr. Dennis Johnson","4105760","2012-2013","or","Central Curry SD 1","Dennis Johnson"
"dennis peters","1916140","2007-2016","ia","Harris-Lake Parkcomm School District","Dennis Peters","3172480","2017-2020","ne","Keya Paha County Schools","Dennis Peters"
"dennis rucker","1706120","2003","il","Bethalto C U School Dist 8","DR DENNIS RUCKER ","1920940","2008","ia","North Scott","Dennis Rucker"
"dennis smith","630660","2008-2009","ca","Placentia-Yorba Linda Unified","Dennis Smith","1725000","2014","il","Massac Ud 1","Mr. Dennis Smith"
"dennis thompson","3904913","2005-2006","oh","Scioto Valley Local","Dennis R. Thompson","1200330","2010","fl","Collier","THOMPSON, DENNIS"
"dennis thompson","3904913","2005-2006","oh","Scioto Valley Local","Dennis R. Thompson","1729730","2006","il","Ohio Chsd 505","DENNIS THOMPSON"
"destry brown","2909860","2019-2022","mo","Clinton","DESTRY BROWN","2006180","2022-2024","ks","Fort Scott","Destry Brown"
"devon horton","1714460","2019-2022","il","Evanston Ccsd 65","Dr. Devon  Horton","1301740","2023","ga","Dekalb County","HORTON,DEVON Q"
"dexter suggs","509000","2013","ar","Little Rock School District","SUGGS, DEXTER","1809690","2024","in","Merrillville Community School Corp","Dexter Suggs"
"diane allen","2633540","2012, 2014-2015","mi","Taylor","Diane Allen","3904547","2019-2023","oh","Marysville Exempted Village","Diane M. Allen"
"diane frost","3700240","2009-2013","nc","Asheboro City Schools","Diane Frost","4815330","2010-2023","tx","Corsicana Isd","Diane Frost"
"dianne talarico","3904371","2005","oh","Canton City","Dianne F. Talarico","606480","2008","ca","Burlingame Elementary","Dianne Talarico"
"diego giraldo","1930990","2019-2020","ia","West Liberty Comm School District","Diego Giraldo","1724330","2022-2023","il","Mannheim Sd 83","Dr. Diego Giraldo"
"dominic mucci","3404770","2011-2013","nj","Englewood Cliffs Public Schools","Dominic Mucci","3627900","2012","ny","Springs Ufsd","Mr. Dominic F Mucci"
"don parker","4842730","1990-1995","tx","Three Way Isd","Don Parker","4000780","2020-2021","ok","Kipp (Charter)","Don Parker"
"don roberts","4819700","1990-1993","tx","Fort Worth Isd","Don Roberts","4702910","2011-2016","tn","Meigs County","Mr. Don Roberts"
"donald achelpohl","1730200","2003-2007","il","Orion Comm Unit School Dist 223","DONALD ACHELPOHL ","1911340","2008-2010","ia","Fairfield","Donald Achelpohl"
"donald andrews","3703780","2009-2012","nc","Randolph County School System","Donald Andrews","4700900","2013-2015","tn","Cumberland County","Mr. Donald Andrews"
"donald barnes","3904774","2005-2006","oh","Western Reserve Local","Donald A. Barnes","2609150","2008, 2011","mi","Chesaning Union","Donald Barnes"
"donald boyd","4810320","2000-2006","tx","Blanco Isd","Donald Boyd","606000","2019-2020","ca","Bridgeville Elementary","Donald Boyd"
"donald carlisle","3404740","2011-2013","nj","Englewood Public School District","Donald Carlisle","3617760","2015","ny","Long Lake Csd","Dr. Donald K Carlisle"
"donald johnson","5509510","2008-2015","wi","Middleton-Cross Plains School District","Donald Johnson","3170650","2010-2019","ne","Fort Calhoun Community Schs","DONALD JOHNSON"
"donald lee","4221200","2008-2010","pa","Shaler Area SD","DONALD LEE","4812090","2019-2021","tx","Buna Isd","Donald Lee"
"donald lee","4221200","2008-2010","pa","Shaler Area SD","DONALD LEE","4833340","2017-2018","tx","Oakwood Isd","Donald Lee"
"donald martin","4210350","2009","pa","Frazier SD","DONALD MARTIN","3703210","2015","nc","Mount Airy City Schools","Donald Martin"
"donald martin","4811700","1990-2000","tx","Brownwood Isd","Donald Martin","3701500","2009-2012","nc","Winston Salem/Forsyth County Schools","Donald Martin"
"donald martin","4811700","1990-2000","tx","Brownwood Isd","Donald Martin","3703210","2015","nc","Mount Airy City Schools","Donald Martin"
"donald martin","4811700","1990-2000","tx","Brownwood Isd","Donald Martin","4210350","2009","pa","Frazier SD","DONALD MARTIN"
"donald peebles","2922500","2003-2005","mo","Niangua R-V","DONALD PEEBLES","1731890","2007-2008, 2017","il","Pleasant Hill Cusd 3","Don Peebles"
"donald wheeler","3603810","2011-2015","ny","Bainbridge-Guilford Csd","Mr. Donald Wheeler","4203840","2016-2021","pa","Bloomsburg Area SD","DONALD WHEELER"
"donna wright","2929880","2011-2018","mo","Sweet Springs R-Vii","Donna Wright","4704550","2013-2019","tn","Wilson County","Dr. Donna Wright"
"doreen fuller","905190","2008-2009","ct","Windham School District","doreen fuller","629280","2009","ca","Pacheco Union Elementary","Doreen Fuller"
"doris hope jackson","1708130","2004-2005","il","Calumet Public Schools Dist 132","DR DORIS HOPE JACKSON ","2636450","2008","mi","Willow Run","Doris Hope-Jackson"
"doug brown","605280","2011-2022","ca","Blochman Union Elementary","Doug Brown","4015370","2013-2023","ok","Idabel","Doug Brown"
"doug miller","1907900","2004-2008","ia","Collins-Maxwell Comm School District","Doug Miller","1806480","2018-2019","in","Sheridan Community Schools","Doug Miller"
"doug miller","1907900","2004-2008","ia","Collins-Maxwell Comm School District","Doug Miller","2900029","2018","mo","Guadalupe Centers Schools","Doug Miller"
"doug miller","1806480","2018-2019","in","Sheridan Community Schools","Doug Miller","2900029","2018","mo","Guadalupe Centers Schools","Doug Miller"
"doug williams","4841880","2007-2022","tx","Sunnyvale Isd","Doug Williams","630520","2012","ca","Pioneer Union Elem","Doug Williams"
"douglas adams","3628320","2011-2018","ny","Ramapo Csd (Suffern)","Mr. Douglas Adams","513530","2020-2024","ar","Vilonia School District","ADAMS, DOUG"
"douglas arnold","4219290","2008-2012","pa","Pleasant Valley SD","DOUGLAS ARNOLD","1803240","2018-2020","in","Edinburgh Community School Corp","Douglas Arnold"
"douglas arnold","4219290","2008-2012","pa","Pleasant Valley SD","DOUGLAS ARNOLD","1806090","2010, 2012, 2014-2017","in","Maconaquah School Corp","Dr Douglas Arnold"
"douglas carpenter","2922620","2003-2013","mo","Norborne R-Viii","DOUGLAS CARPENTER","3904826","2005-2009","oh","Jonathan Alder Local","Douglas J. Carpenter"
"douglas domeracki","5503030","2009-2012","wi","Cuba City School District","Douglas Domeracki","1740440","2013-2014, 2017-2018","il","Chsd 94","Dr. Douglas Domeracki"
"douglas van zyl","2913760","2008-2010","mo","Harrisonville R-Ix","Douglas Van Zyl","1911820","2010-2017","ia","Fort Dodge","Douglas Van Zyl"
"duane bark","1909600","2006-2010","ia","Durantcomm School District","Duane Bark","5508760","2011-2020","wi","Markesan School District","Duane Bark"
"duane bennett","2931620","2009-2011","mo","Wellsville Middletown R-I","Duane Bennett","1909600","2011-2017","ia","Durant","Duane Bennett"
"dudley hume","4032130","2012","ok","Webbers Falls","Dudley Hume","514400","2013-2014, 2016-2019","ar","Woodlawn School District","HUME, DUDLEY  ."
"dwight pfennig","4219500","2008-2010","pa","Pocono Mountain SD","DWIGHT PFENNIG","3411190","2011","nj","Netcong Elementary School","Dwight Pfennig"
"earl kim","3410590","2011","nj","Montgomery Township School District","Earl Kim","904320","2016-2018","ct","Stamford School District","mr. earl kim"
"eddie johnson","4822710","2001-2012","tx","Harts Bluff Isd","Eddie Johnson","505850","2013-2014","ar","England School District","Johnson, Eddie  ."
"elie bracy","3704890","2009-2013","nc","Weldon City Schools","Elie Bracy","5103000","2014-2024","va","Portsmouth ","Dr. Elie Bracy"
"emin cavusoglu","500399","2008-2010","ar","Lisa Academy North Charter","CAVUSOGLU, EMIN","4800274","2018-2022","tx","Harmony School Of Excellence","Emin Cavusoglu"
"emin cavusoglu","500399","2008-2010","ar","Lisa Academy North Charter","CAVUSOGLU, EMIN","4801400","2012-2015","tx","School Of Science And Technology Discovery","Emin Cavusoglu"
"eric becoats","3701260","2010-2012","nc","Durham Public Schools","Eric Becoats","4226390","2020-2024","pa","William Penn SD","Eric Becoats"
"eric burke","3618090","2016-2024","ny","Madrid-Waddington Csd","ERIC BURKE","5512720","2020-2024","wi","Rhinelander School District","Eric Burke"
"eric johnson","637650","2008-2013","ca","Southside Elementary","Eric Johnson","2600144","2015","mi","Morey Montessori Public School Academy","Eric Johnson"
"eric jones","5103030","2013-2021","va","Powhatan County","Dr. Eric L Jones","4702580","2017-2018","tn","Madison County","Mr. Eric Jones"
"eric king","1736300","2006-2007","il","Esd 159","DR ERIC A KING","1807320","2010","in","Muncie Community Schools","Dr Eric King"
"eric knost","2926850","2015-2019","mo","Rockwood R-Vi","ERIC KNOST","1916680","2019-2020","ia","Lewis Central Comm School District","Eric Knost"
"eric smith","4829880","2003-2004","tx","Mclean Isd","Eric Smith","4004360","2023-2024","ok","Billings","Eric Smith"
"eric smith","4829880","2003-2004","tx","Mclean Isd","Eric Smith","4006630","2018-2022","ok","Carnegie","Eric Smith"
"eric smith","4829880","2003-2004","tx","Mclean Isd","Eric Smith","4029820","2012","ok","Texhoma","Eric Smith"
"eric smith","4829880","2003-2004","tx","Mclean Isd","Eric Smith","4032940","2013-2017","ok","Wilson","Eric Smith"
"eric williams","4704490","2011-2019","tn","West Carroll","Mr. Eric Williams","4814280","2021-2022","tx","Clear Creek Isd","Eric Williams"
"eric williams","4704490","2011-2019","tn","West Carroll","Mr. Eric Williams","5102250","2014-2020","va","Loudoun County","Dr. Eric Williams"
"eric witherspoon","1908970","2004-2005","ia","Des Moines Independent Comm School District","Eric Witherspoon","1714490","2006-2014, 2017-2021","il","Evanston Twp Hsd 202","DR ERIC WITHERSPOON"
"eric wright","5504230","2016-2024","wi","Elk Mound Area School District","Eric Wright","4800010","2018-2024","tx","Hays Cisd","Eric Wright"
"esperanza zendejas","4811680","1992-1994, 2015-2018","tx","Brownsville Isd","Esperanza Zendejas","629910","2010","ca","Parlier Unified","Esperanza Zendejas"
"evelyn browne","3405280","2014-2017","nj","Folsom Borough School District","Evelyn Browne","3100067","2018-2024","ne","Banner County Public Schools","Evelyn Browne"
"fran thoele","1738760","2003-2005","il","Teutopolis C U School Dist 50","FRAN THOELE ","1807500","2010","in","New Harmony Town & Twp Con Sch","Mrs Fran Thoele"
"francisco duran","3416290","2012-2015","nj","Trenton Public Schools","Francisco Duran","5100270","2020-2024","va","Arlington County","Francisco Duran"
"frank alvarez","3625260","2012-2015","ny","Rye City Sd","Mr. Frank R Alvarez","3413950","2020-2021","nj","River Vale Twp","Frank Alvarez"
"frank harwood","3103810","2011-2015","ne","Bellevue Public Schools","FRANK HARWOOD","2005490","2016-2018, 2021-2022","ks","De Soto","Harwood, Frank"
"frank petruzielo","4823640","1991-1993","tx","Houston Isd","Frank Petruzielo","1301110","1999-2015","ga","Cherokee County","PETRUZIELO,FRANK R"
"franzy fleck","1802940","2010","in","East Gibson School Corporation","Dr Franzy Fleck","1736810","2012-2014, 2017-2023","il","Burbank Sd 111","Dr. Franzy Fleck"
"frederick clarke","2602070","2008","mi","Albion","Frederick Clarke","4801415","2016-2019","tx","Manara Academy","Frederick Clarke"
"frederick williams","1301870","2015-2023","ga","Dublin City","FREDERICK WILLIAMS","3410050","2020-2022","nj","Middlesex Boro","FREDERICK WILLIAMS"
"frederick williams","1301870","2015-2023","ga","Dublin City","FREDERICK WILLIAMS","3415120","2023-2024","nj","South Amboy City","Dr. Frederick Williams"
"garry jameson","4827090","2005","tx","Lefors Isd","Garry Jameson","504110","2019-2020","ar","Genoa Central School District","Jameson, Garry"
"gary battles","1924120","2004-2005","ia","Remsen-Union Comm School District","Gary Battles","2930900","2008-2010","mo","West Nodaway Co. R-I","GARY BATTLES"
"gary drummond","2925290","2003-2005","mo","Clinton Co. R-Iii","GARY DRUMMOND","1925620","2007-2009","ia","Seymourcomm School District","Gary Drummond"
"gary jones","691093","2008-2012","ca","Modoc County Office Of Education","Gary Jones","4029160","2012-2017","ok","Sulphur","Gary Jones"
"gary jones","691093","2008-2012","ca","Modoc County Office Of Education","Gary Jones","4816350","2021-2024","tx","Dawson Isd","Gary Jones"
"gary jones","3904932","2006-2011","oh","Continental Local","Gary Jones","4029160","2012-2017","ok","Sulphur","Gary Jones"
"gary jones","3904932","2006-2011","oh","Continental Local","Gary Jones","4816350","2021-2024","tx","Dawson Isd","Gary Jones"
"gary jones","3904932","2006-2011","oh","Continental Local","Gary Jones","691093","2008-2012","ca","Modoc County Office Of Education","Gary Jones"
"gary jones","4029160","2012-2017","ok","Sulphur","Gary Jones","4816350","2021-2024","tx","Dawson Isd","Gary Jones"
"gary mathews","2926850","2003","mo","Rockwood R-Vi","GARY MATHEWS","1303930","2010-2012","ga","Newton County","Gary Mathews"
"gary mathews","4813020","2002-2004","tx","Carroll Isd","Gary Mathews","1303930","2010-2012","ga","Newton County","Gary Mathews"
"gary mathews","4813020","2002-2004","tx","Carroll Isd","Gary Mathews","2926850","2003","mo","Rockwood R-Vi","GARY MATHEWS"
"gary nightingale","4818330","2003-2012","tx","Electra Isd","Gary Nightingale","4013290","2013","ok","Granite","Gary Nightingale"
"gary norris","3904730","2005-2007","oh","Rolling Hills Local","Gary L. Norris","1930480","2008-2013","ia","Waterloo","Gary Norris"
"gary richards","905130","2007-2013","ct","Wilton School District","gary g. richards","2612240","2014-2015","mi","Dryden","Gary Richards"
"gary richards","905130","2007-2013","ct","Wilton School District","gary g. richards","2619100","2008, 2011-2012, 2014-2015","mi","Imlay City","Gary Richards"
"gary schurz","1720550","2003-2010","il","Johnston City C U Sch Dist 1","GARY SCHURZ ","2925500","2003","mo","Potosi R-Iii","GARY SCHURZ"
"geoffrey gordon","3623580","2010-2011","ny","Port Washington Ufsd","Dr. Geoffrey N Gordon","3400870","2014","nj","Alpine Elementary School District","Geoffrey Gordon"
"geoffrey gordon","3623580","2010-2011","ny","Port Washington Ufsd","Dr. Geoffrey N Gordon","3411760","2015-2016","nj","Northern Valley Regional High School District","Geoffrey Gordon"
"geoffrey gordon","3623580","2010-2011","ny","Port Washington Ufsd","Dr. Geoffrey N Gordon","3413980","2019","nj","Riverdale Boro","Geoffrey Gordon"
"geoffrey gordon","3623580","2010-2011","ny","Port Washington Ufsd","Dr. Geoffrey N Gordon","3416110","2017","nj","Tenafly Public School District","Geoffrey Gordon"
"george griffith","2003270","2009-2010","ks","Northern Valley","Griffith, George","3100179","2021-2024","ne","Humboldt Table Rock Steinauer","George Griffith"
"george griffith","2003270","2009-2010","ks","Northern Valley","Griffith, George","3103090","2016-2020","ne","Arapahoe Public Schools","George Griffith"
"george steffen","1732520","2003","il","Prairie Grove C Sch Dist 46","DR GEORGE F STEFFEN ","5500052","2008-2014","wi","Trevor-Wilmot Consolidated School District","George Steffen"
"george white","4819620","1993-1998","tx","Forsan Isd","George White","4206060","2008-2010","pa","Clarion Area SD","GEORGE WHITE"
"george zimmer","1700222","2003-2005","il","Nippersink School Dist 2","GEORGE ZIMMER ","5508130","2008-2012","wi","Richmond School District","George Zimmer"
"gerald hill","1716920","2004-2011","il","Glenview C C School Dist 34","DR GERALD D HILL ","2635820","2012, 2014","mi","West Bloomfield","Gerald Hill"
"gerald stegall","4840320","1990-1996","tx","Simms Isd","Gerald Stegall","4005040","2012-2013","ok","Boswell","Gerald Stegall"
"glen mitchell","4824260","1990-1995","tx","Iowa Park Cons Isd","Glen Mitchell","3124330","2005","ne","Prairie View Public School","GLEN MITCHELL"
"glen mitchell","4824260","1990-1995","tx","Iowa Park Cons Isd","Glen Mitchell","3158860","2005","ne","Fieldside Public School","GLEN MITCHELL"
"gloria scott","4833060","1996-1999","tx","North Forest Isd","Gloria Scott","3404230","2011-2015","nj","East Orange School District","Gloria Scott"
"greg brown","5103420","2016-2021","va","Russell County","Dr. Greg Brown","2003180","2021-2024","ks","Abilene","Greg Brown"
"greg brown","5103420","2016-2021","va","Russell County","Dr. Greg Brown","4834650","2023-2024","tx","Perryton Isd","Greg Brown"
"greg mikulich","2622800","2011-2012","mi","Marion","Greg Mikulich","1805340","2023-2024","in","Knox Community School Corp","Greg Mikulich"
"greg rasmussen","3904440","2009-2011","oh","Middletown City","Greg K. Rasmussen","2003360","2013-2016","ks","Andover","Rasmussen, Greg"
"gregory little","905250","2007-2009","ct","Windsor Locks School District","gregory w. little","3703210","2011-2014","nc","Mount Airy City Schools","Gregory Little"
"gregory smith","3904436","2005-2015","oh","Maumee City","Gregory J. Smith","4814280","2008-2020","tx","Clear Creek Isd","Gregory Smith"
"gregory thornton","4205860","2008-2009","pa","Chester-Upland SD","GREGORY THORNTON","5509600","2010-2013","wi","Milwaukee School District","Gregory Thornton"
"gregory wright","1732370","2006-2013","il","Posen-Robbins Esd 143-5","GREGORY WRIGHT","4204200","2011-2013","pa","School District","Gregory Wright"
"gregory wright","4822170","2003-2010","tx","Hallsville Isd","Gregory Wright","1732370","2006-2013","il","Posen-Robbins Esd 143-5","GREGORY WRIGHT"
"gregory wright","4822170","2003-2010","tx","Hallsville Isd","Gregory Wright","4204200","2011-2013","pa","School District","Gregory Wright"
"grenita lathan","1731230","2009-2013","il","Peoria Sd 150","Dr. Grenita F Lathan","2928860","2023-2024","mo","Springfield R-Xii","GRENITA LATHAN"
"grenita lathan","1731230","2009-2013","il","Peoria Sd 150","Dr. Grenita F Lathan","4823640","2018-2020","tx","Houston Isd","Grenita Lathan"
"grenita lathan","4823640","2018-2020","tx","Houston Isd","Grenita Lathan","2928860","2023-2024","mo","Springfield R-Xii","GRENITA LATHAN"
"harry griffith","4821150","1990-1993","tx","Goose Creek Isd","Harry Griffith","1721750","2003-2011","il","Lake Forest School Dist 67","DR HARRY D GRIFFITH "
"harry griffith","4821150","1990-1993","tx","Goose Creek Isd","Harry Griffith","1721780","2004-2011","il","Lake Forest Comm H S District 115","DR HARRY D GRIFFITH "
"heath morrison","3702970","2012-2013","nc","Charlotte-Mecklenburg Schools","Heath Morrison","4831260","2020-2022","tx","Montgomery Isd","Heath Morrison"
"henry eggert","1914670","2004","ia","Interstate 35 Comm School District","Henry Eggert","3172480","2023-2024","ne","Keya Paha County Schools","Henry Eggert"
"henry eggert","1914670","2004","ia","Interstate 35 Comm School District","Henry Eggert","3177730","2006-2016","ne","Thedford Public Schools","HENRY EGGERT"
"ian roberts","4215330","2020-2022","pa","Millcreek Township SD","IAN ROBERTS","1908970","2023-2024","ia","Des Moines Independent Comm School District","Ian Roberts"
"ibrahim sel","4800241","2002-2005","tx","Harmony Science Academy -","Ibrahim Sel","4000753","2019-2021","ok","Dove Schools Of Tulsa","Ibrahim Sel"
"ibrahim sel","4800241","2002-2005","tx","Harmony Science Academy -","Ibrahim Sel","4000799","2018-2019","ok","Dove Science Academy (Charter)","Ibrahim Sel"
"j morris","4813500","1990-1992","tx","Central Isd","J Morris","508400","2007-2012","ar","Riverview School District","MORRIS, J H."
"j smith","3904993","2006-2008","oh","Plain Local","J C. Smith","4701410","2013-2014","tn","Giles County","Mr. J. B Smith"
"jack thompson","3904790","2010-2023","oh","Perry Local","Jack K. Thompson","4100003","2012-2016","or","Falls City SD 57","Jack Thompson"
"jack thompson","3904790","2010-2023","oh","Perry Local","Jack K. Thompson","4100990","2016-2018, 2020-2021","or","Adel SD 21","Jack Thompson"
"jack thompson","3904790","2010-2023","oh","Perry Local","Jack K. Thompson","4109960","2016-2018, 2020","or","Plush SD 18","Jack Thompson"
"jake honea","4822380","1999-2002","tx","Hardin Isd","Jake Honea","500059","2008-2009","ar","Academics Plus Charter School","HONEA, JAKE"
"jake long","500043","2014, 2016-2021","ar","Mountain Home School District","LONG, JAKE","2915210","2024","mo","Howell Valley R-I","Jake Long"
"james baker","2618990","2012, 2014-2015","mi","Huron Valley","James Baker","3404320","2014","nj","East Windsor Regional School District","JAMES BAKER"
"james baker","2618990","2012, 2014-2015","mi","Huron Valley","James Baker","3413560","2024","nj","Ramapo-Indian Hill Reg","James Baker"
"james baker","2618990","2012, 2014-2015","mi","Huron Valley","James Baker","3414280","2019-2020","nj","Roselle Boro","James Baker"
"james boyle","1729670","2006-2007","il","Oglesby Esd 125","DR JAMES F BOYLE","4829010","2010","tx","Marble Falls Isd","James Boyle"
"james boyle","1729670","2006-2007","il","Oglesby Esd 125","DR JAMES F BOYLE","4830640","2006","tx","Midway Isd","James Boyle"
"james brewer","3400756","2016-2017","nj","Dr Lena Edwards Academic Charter School","James Brewer","5502640","2016-2024","wi","Clinton Community School District","James Brewer"
"james brewer","4816570","1997-2006","tx","Dekalb Isd","James Brewer","3400756","2016-2017","nj","Dr Lena Edwards Academic Charter School","James Brewer"
"james brewer","4816570","1997-2006","tx","Dekalb Isd","James Brewer","5502640","2016-2024","wi","Clinton Community School District","James Brewer"
"james bridges","512180","2009-2014","ar","Scranton School District","BRIDGES, JAMES","618840","2011-2022","ca","Jefferson Elementary","James Bridges"
"james brown","609330","2008-2015","ca","College Elementary","James Brown","1725690","2012","il","Meridian Cusd 223","Mr. James L Brown"
"james brown","4833420","1990-1995, 1997-2003","tx","Oglesby Isd","James Brown","1712330","2003-2007","il","Dixon Unit School Dist 170","JAMES L BROWN "
"james brown","4833420","1990-1995, 1997-2003","tx","Oglesby Isd","James Brown","1725690","2012","il","Meridian Cusd 223","Mr. James L Brown"
"james brown","4833420","1990-1995, 1997-2003","tx","Oglesby Isd","James Brown","609330","2008-2015","ca","College Elementary","James Brown"
"james cain","4825740","2004-2015","tx","Klein Isd","James Cain","2623040","2011-2012","mi","Marysville","James Cain"
"james cain","4825740","2004-2015","tx","Klein Isd","James Cain","2628830","2014-2015","mi","Port Huron","James Cain"
"james carter","4842090","1990-1993","tx","Tahoka Isd","James Carter","1304200","1999","ga","Polk County","CARTER,JAMES J"
"james collins","602730","2008-2012","ca","Anderson Valley Unified","James Collins","4830950","2008-2011","tx","Mineral Wells Isd","James Collins"
"james cook","4818750","1991-1995","tx","Evadale Isd","James Cook","4006510","2022-2024","ok","Canute","James Cook"
"james cook","4818750","1991-1995","tx","Evadale Isd","James Cook","5103980","2010","va","Westmoreland County","Mr. James Cook"
"james cook","5103980","2010","va","Westmoreland County","Mr. James Cook","4006510","2022-2024","ok","Canute","James Cook"
"james cox","1710820","2003","il","Westville C U School Dist 2","JAMES L COX ","1921090","2004-2015","ia","Northeast Comm School District","James Cox"
"james craig","1810770","2010, 2012, 2014-2015","in","Southern Wells Com Schools","Mr James Craig","1900015","2019-2020","ia","Sibley-Ocheyedan Comm School District","James Craig"
"james craig","1810770","2010, 2012, 2014-2015","in","Southern Wells Com Schools","Mr James Craig","1906240","2023-2024","ia","Cardinal Comm School District","James Craig"
"james crisfield","3410200","2011-2014","nj","Millburn Township Schools","James Crisfield","4202400","2015-2024","pa","Wissahickon SD","JAMES CRISFIELD"
"james dick","1900028","2005-2010","ia","Prairie Valley","James Dick","3904684","2005-2007, 2016-2020","oh","Amanda-Clearcreek Local","James B. Dick"
"james dick","1900028","2005-2010","ia","Prairie Valley","James Dick","4223760","2009","pa","Trinity Area SD","JAMES DICK"
"james dick","3904684","2005-2007, 2016-2020","oh","Amanda-Clearcreek Local","James B. Dick","4223760","2009","pa","Trinity Area SD","JAMES DICK"
"james ellis","4700270","2019-2020","tn","Bledsoe County","Mr. James Ellis","1808490","2020-2024","in","Orleans Community Schools","James Ellis"
"james ellis","5509690","2008-2024","wi","Minocqua J1 School District","James Ellis","1808490","2020-2024","in","Orleans Community Schools","James Ellis"
"james ellis","5509690","2008-2024","wi","Minocqua J1 School District","James Ellis","4700270","2019-2020","tn","Bledsoe County","Mr. James Ellis"
"james feil","2633870","2008","mi","Traverse City","James Feil","5508610","2022-2023","wi","Manitowoc School District","JAMES FEIL"
"james feil","2633870","2008","mi","Traverse City","James Feil","5509870","2021","wi","Montello School District","JAMES FEIL"
"james gallagher","1714580","2003-2007","il","Evergreen Park Comm Hi Sch D 231","DR JAMES GALLAGHER ","4219710","2008-2011","pa","Pottsville Area SD","James Gallagher"
"james gay","3904624","2005-2011","oh","Tecumseh Local","James E. Gay","1708400","2007-2014, 2017-2020","il","Cons Hsd 230","Dr James M Gay"
"james gray","1736810","2003","il","Burbank School District 111","JAMES A GRAY ","3904484","2005-2007","oh","Strongsville City","James D. Gray"
"james grube","3408580","2011-2017, 2019-2020","nj","Lincoln Park School District","James Grube","3904697","2021-2023","oh","Groveport Madison Local","James C. Grube"
"james haley","3178940","2014-2019","ne","Wood River Rural Schools","JAMES HALEY","4834550","2016-2017","tx","Pecos-Barstow-Toyah Isd","James Haley"
"james hanna","1809720","2010, 2012, 2014-2021, 2023-2024","in","Rossville Con School District","Dr James Hanna","1201110","2017-2022","fl","Leon","HANNA, JAMES"
"james harris","1803120","2010, 2012, 2014","in","Eastern Hancock Co Com Sch Corp","Mr James Harris","4207290","2016-2017","pa","Daniel Boone Area SD","JAMES HARRIS"
"james harris","1803120","2010, 2012, 2014","in","Eastern Hancock Co Com Sch Corp","Mr James Harris","4216500","2018-2021","pa","Woodland Hills SD","JAMES HARRIS"
"james hartman","4221540","2009","pa","Shikellamy SD","James Hartman","4819170","2015-2021","tx","Ferris Isd","James Hartman"
"james hartman","4221540","2009","pa","Shikellamy SD","James Hartman","4840800","2012-2014","tx","Sonora Isd","James Hartman"
"james henderson","2600079","2008","mi","Cole Academy","James Henderson","1732910","2021-2022","il","Proviso Twp Hsd 209","Dr. James Henderson"
"james hermes","4844250","1991-2003","tx","Vysehrad Isd","James Hermes","1737050","2009-2014, 2017-2023","il","Spring Valley Ccsd 99","James M Hermes"
"james hill","1800042","2018-2021","in","Andrew J Brown Academy","James Hill","4835310","2024","tx","Ponder Isd","James Hill"
"james hines","500068","2007-2014, 2016-2018","ar","Emerson-Taylor School District","HINES, JAMES G.","1302880","2010-2013","ga","Houston County","JAMES HINES JR"
"james johnson","4811250","1992-2002","tx","Bremond Isd","James Johnson","2012300","2013-2016","ks","Circle","Johnson, James"
"james jones","1710340","2007-2013","il","Clay City Cusd 10","James Jones","4703450","2011-2022","tn","Polk County","Mr. James Jones"
"james jones","1710340","2007-2013","il","Clay City Cusd 10","James Jones","500076","2013-2014, 2016-2017","ar","Ozark Mountain School District","Jones, James H."
"james jones","1710340","2007-2013","il","Clay City Cusd 10","James Jones","504680","2016-2024","ar","Cotter School District","JONES, VANESSA"
"james jones","2909930","2004-2022","mo","Cole Co. R-Ii","JAMES JONES","1710340","2007-2013","il","Clay City Cusd 10","James Jones"
"james jones","2909930","2004-2022","mo","Cole Co. R-Ii","JAMES JONES","3904350","2005-2006","oh","Ashland City","James G. Jones"
"james jones","2909930","2004-2022","mo","Cole Co. R-Ii","JAMES JONES","4703450","2011-2022","tn","Polk County","Mr. James Jones"
"james jones","2909930","2004-2022","mo","Cole Co. R-Ii","JAMES JONES","500076","2013-2014, 2016-2017","ar","Ozark Mountain School District","Jones, James H."
"james jones","2909930","2004-2022","mo","Cole Co. R-Ii","JAMES JONES","504680","2016-2024","ar","Cotter School District","JONES, VANESSA"
"james jones","3904350","2005-2006","oh","Ashland City","James G. Jones","1710340","2007-2013","il","Clay City Cusd 10","James Jones"
"james jones","3904350","2005-2006","oh","Ashland City","James G. Jones","4703450","2011-2022","tn","Polk County","Mr. James Jones"
"james jones","3904350","2005-2006","oh","Ashland City","James G. Jones","500076","2013-2014, 2016-2017","ar","Ozark Mountain School District","Jones, James H."
"james jones","3904350","2005-2006","oh","Ashland City","James G. Jones","504680","2016-2024","ar","Cotter School District","JONES, VANESSA"
"james jones","4703450","2011-2022","tn","Polk County","Mr. James Jones","500076","2013-2014, 2016-2017","ar","Ozark Mountain School District","Jones, James H."
"james jones","4703450","2011-2022","tn","Polk County","Mr. James Jones","504680","2016-2024","ar","Cotter School District","JONES, VANESSA"
"james knapp","3904716","2005-2006","oh","Berkshire Local","James E. Knapp","4823310","2011, 2014","tx","Hitchcock Isd","James Knapp"
"james lombardo","4203330","2008","pa","Bensalem Township SD","JAMES LOMBARDO","901320","2009-2014","ct","East Lyme School District","james d. lombardo"
"james martin","4026100","2012-2013","ok","Robin Hill","James Martin","1302700","2014-2017","ga","Harris County","JAMES MARTIN"
"james merrill","5103840","2010-2012","va","Virginia Beach ","Dr. James G. Merrill","3700030","2021","nc","Alamance-Burlington Schools","James Merrill"
"james merrill","5103840","2010-2012","va","Virginia Beach ","Dr. James G. Merrill","3704720","2013-2016","nc","Wake County Schools","James Merrill"
"james merrill","5103840","2010-2012","va","Virginia Beach ","Dr. James G. Merrill","3704880","2019","nc","Wayne County Public Schools","James Merrill"
"james miller","1700326","2004","il","El Paso-Gridley Cusd 11","JAMES A MILLER ","3904826","2021-2023","oh","Jonathan Alder Local","James N. Miller"
"james miller","1700326","2004","il","El Paso-Gridley Cusd 11","JAMES A MILLER ","4008310","2014-2016","ok","Coleman","James Miller"
"james miller","1700326","2004","il","El Paso-Gridley Cusd 11","JAMES A MILLER ","4012180","2017-2018","ok","Freedom","James Miller"
"james miller","4822410","1990-1992","tx","Hardin-Jefferson Isd","James Miller","1700326","2004","il","El Paso-Gridley Cusd 11","JAMES A MILLER "
"james miller","4822410","1990-1992","tx","Hardin-Jefferson Isd","James Miller","3904826","2021-2023","oh","Jonathan Alder Local","James N. Miller"
"james miller","4822410","1990-1992","tx","Hardin-Jefferson Isd","James Miller","4008310","2014-2016","ok","Coleman","James Miller"
"james miller","4822410","1990-1992","tx","Hardin-Jefferson Isd","James Miller","4012180","2017-2018","ok","Freedom","James Miller"
"james moore","602160","2013-2018","ca","Alta Loma Elementary","James Moore","4844940","2016-2018","tx","Wells Isd","James Moore"
"james moore","1301350","1999","ga","Coffee County","MOORE, JAMES C","4844940","2016-2018","tx","Wells Isd","James Moore"
"james moore","1301350","1999","ga","Coffee County","MOORE, JAMES C","602160","2013-2018","ca","Alta Loma Elementary","James Moore"
"james opiekun","3408040","2011","nj","Kinnelon Board Of Education","James Opiekun","3611160","2012-2017","ny","Floral Park-Bellerose Ufsd","Mr. James Opiekun"
"james palmer","4812240","2003-2014","tx","Burton Isd","James Palmer","4031290","2012","ok","Vinita","James Palmer"
"james parker","1303840","1999","ga","Murray County","PARKER JR, JAMES V.","4837800","2009-2015","tx","Roosevelt Isd","James Parker"
"james parker","1303840","1999","ga","Murray County","PARKER JR, JAMES V.","4842090","1999-2008","tx","Tahoka Isd","James Parker"
"james parla","3629880","2010-2011","ny","Wappingers Csd","Mr. James Parla","3406540","2012-2014","nj","Hamilton Township","James Parla"
"james pate","1301710","1999-2001","ga","Decatur County","PATE,JAMES L","4827060","1999-2000","tx","Leary Isd","James Pate"
"james payne","4815690","1990-1993","tx","Crockett Co Consolidated Csd","James Payne","3904414","2023","oh","Ironton City","James A. Payne"
"james payne","4815690","1990-1993","tx","Crockett Co Consolidated Csd","James Payne","3904792","2005-2007","oh","Dawson-Bryant Local","James A. Payne"
"james ramsey","4818840","1995-1996","tx","Excelsior Isd","James Ramsey","4023800","2012-2021","ok","Perkins-Tryon","James Ramsey"
"james rice","1804620","2010, 2012","in","River Forest Community Sch Corp","Dr James Rice","4833090","2010-2012","tx","Northside Isd","James Rice"
"james rice","5510410","2008-2009","wi","Neosho J3 School District","James Rice","1804620","2010, 2012","in","River Forest Community Sch Corp","Dr James Rice"
"james rice","5510410","2008-2009","wi","Neosho J3 School District","James Rice","4833090","2010-2012","tx","Northside Isd","James Rice"
"james roberts","5100810","2010-2017","va","Chesapeake ","Dr. James T. Roberts","1800360","2016-2023","in","Bartholomew Con School Corp","Jim Roberts"
"james russell","4842480","2007-2010","tx","Texarkana Isd","James Russell","1201920","2015-2018","fl","Volusia","RUSSELL, JAMES"
"james sharpe","511850","2007","ar","Pulaski Co. Spec. School Dist.","SHARPE, JAMES","4015370","2012","ok","Idabel","James Sharpe"
"james smith","1720010","2003","il","Ina Comm Cons School Dist 8","JAMES SMITH ","1302520","2015-2020","ga",,"SMITH,JAMES DAVIS"
"james smith","1720010","2003","il","Ina Comm Cons School Dist 8","JAMES SMITH ","3904412","2013-2015","oh","Hillsboro City","James R. Smith"
"james smith","1720010","2003","il","Ina Comm Cons School Dist 8","JAMES SMITH ","3904631","2005-2009","oh","Bethel-Tate Local","James R. Smith"
"james smith","1720010","2003","il","Ina Comm Cons School Dist 8","JAMES SMITH ","5100690","2010-2011","va","Carroll County","Dr. James G. Smith"
"james smith","5100690","2010-2011","va","Carroll County","Dr. James G. Smith","1302520","2015-2020","ga",,"SMITH,JAMES DAVIS"
"james smith","5100690","2010-2011","va","Carroll County","Dr. James G. Smith","3904412","2013-2015","oh","Hillsboro City","James R. Smith"
"james stevens","1305580","2006-2008","ga","Webster County","STEVENS, JAMES W","512540","2020-2024","ar","Southside School District","STEVENS, JAMES D."
"james stroder","4824210","2009-2011","tx","Ingram Isd","James Stroder","4703660","2020","tn","Rogersville","Mr. James Stroder"
"james thompson","900330","2011-2012","ct","Bloomfield School District","james j. thompson","1304500","2019-2023","ga","Screven County","James Thompson"
"james tracy","4210740","2008-2015","pa","Girard SD","JAMES TRACY","3609420","2016-2019","ny","Dunkirk City Sd","JAMES TRACY"
"james white","1732970","2003-2006","il","Queen Bee School District 16","DR JAMES WHITE ","2000014","2010-2014","ks","Central Heights","White, James"
"james white","1732970","2003-2006","il","Queen Bee School District 16","DR JAMES WHITE ","2923780","2016-2020","mo","Pemiscot Co. Spec. Sch. Dist.","James White"
"james white","1732970","2003-2006","il","Queen Bee School District 16","DR JAMES WHITE ","4023970","2012-2023","ok","Piedmont","James White"
"james white","2000014","2010-2014","ks","Central Heights","White, James","2923780","2016-2020","mo","Pemiscot Co. Spec. Sch. Dist.","James White"
"james white","2000014","2010-2014","ks","Central Heights","White, James","4023970","2012-2023","ok","Piedmont","James White"
"james white","4023970","2012-2023","ok","Piedmont","James White","2923780","2016-2020","mo","Pemiscot Co. Spec. Sch. Dist.","James White"
"james woodward","1703780","2007-2013","il","Anna Jonesboro Chsd 81","James Woodward","1925200","2008-2009","ia","St Ansgar","James Woodward"
"james wright","509420","2016-2024","ar","Marked Tree School District","WRIGHT, JAMES M.","4831620","2017-2022","tx","Mount Calm Isd","James Wright"
"james young","500400","2008","ar","School Of Excellence Charter School","YOUNG, JAMES T.","4825320","2021-2024","tx","Kemp Isd","James Young"
"james young","500400","2008","ar","School Of Excellence Charter School","YOUNG, JAMES T.","4826220","2016-2020","tx","Lapoynor Isd","James Young"
"janet neufeld","2003960","2013-2015","ks","Twin Valley","Neufeld, Janet","4023580","2016-2017","ok","Pawhuska","Janet Neufeld"
"janet stutz","1730220","2013-2014","il","Orland Sd 135","Dr. Janet Stutz","1913200","2016-2020","ia","Grinnell-Newburg Comm School District","Janet Stutz"
"janice adams","604620","2008-2012","ca","Benicia Unified","Janice Adams","1800074","2012, 2014-2017","in","Dr Robert H Faulkner Academy","Mrs Janice Adams"
"jason cline","2007470","2017-2018, 2021-2022","ks","South Brown County","Cline, Jason","3100112","2023-2024","ne","Lakeview Community Schools","Jason Cline"
"jason harris","4215900","2018-2021","pa","Morrisville Borough SD","JASON HARRIS","4808880","2023-2024","tx","Atlanta Isd","Jason Harris"
"jason king","1800012","2016","in","New Community School","Jason King","2905130","2018-2022","mo","Bismarck R-V","JASON KING"
"jason king","1800012","2016","in","New Community School","Jason King","2932100","2023-2024","mo","Windsor C-1","Jason King"
"jason price","2930510","2015-2022","mo","Miller Co. R-Iii","Jason Price","4014080","2016-2023","ok","Haworth","Jason Price"
"jay smith","4811550","2011-2014","tx","Brookesmith Isd","Jay Smith","1716650","2019-2021","il","Gifford Ccsd 188","Dr. Jay P Smith"
"jay smith","4811550","2011-2014","tx","Brookesmith Isd","Jay Smith","1737320","2022-2023","il","St George Ccsd 258","Dr. Jay P Smith"
"jean broadwater","5507410","2009","wi","Kewaunee School District","Jean Broadwater","2600972","2014-2015","mi","Michigan Virtual Charter Academy","Jean Broadwater"
"jean claude brizard","1709930","2010-2011","il","City Of Chicago Sd 299","Mr. Jean-Claude Brizard","3624750","2010","ny","Rochester City Sd","Mr. Jean-Claude Brizard"
"jeff craig","1914670","2013","ia","Interstate 35","Jeff Craig","1704710","2014, 2017-2023","il","Aurora West Usd 129","Dr. Jeff Craig"
"jeff davis","627850","2019-2021","ca","Oak Park Unified","Jeff Davis","2930750","2019-2020","mo","Van Buren R-I","Jeff Davis"
"jeff holmes","4008850","2012-2022","ok","Coweta","Jeff Holmes","1712030","2014, 2022","il","Deland-Weldon Cusd 57","Dr. Jeffrey Holmes"
"jeff holmes","4008850","2012-2022","ok","Coweta","Jeff Holmes","1724750","2023","il","Maroa Forsyth Cusd 2","Dr. Jeff Holmes"
"jeff perry","5104080","2010-2014","va","Wise County","Dr. Jeff Perry","4700001","2017-2021","tn","Hamblen County","Mr. Charlie Perry"
"jeff turner","4824590","1995-1997","tx","Jacksonville Isd","Jeff Turner","609570","2018","ca","Colusa Unified","Jeff Turner"
"jeffery smith","3174640","2015-2020","ne","Oakland Craig Public Schools","Jeffery Smith","5101800","2015-2023","va","Hampton ","Dr. Jeffery O. Smith"
"jeffrey alstadt","1700323","2017-2018","il","Crescent Iroquois Cusd 249","Dr. Jeffrey Alstadt","5512390","2019-2020","wi","Randall J1 School District","Jeffrey Alstadt"
"jeffrey cassell","3904861","2009-2010","oh","Bethel Local","Jeffrey S. Cassell","5103930","2013-2024","va","Waynesboro ","Dr. Jeffrey D. Cassell"
"jeffrey lewis","3904515","2005-2008","oh","Xenia Community City","Jeffrey K. Lewis","500076","2020-2024","ar","Ozark Mountain School District","Lewis, Jeff"
"jeffrey mccartney","5512300","2009-2013","wi","Princeton School District","Jeffrey Mccartney","1705430","2014, 2017","il","Beecher Cusd 200u","Mr. Jeffrey McCartney"
"jeffrey mccartney","5512300","2009-2013","wi","Princeton School District","Jeffrey Mccartney","1742900","2018-2023","il","Winthrop Harbor Sd 1","Mr. Jeffrey McCartney"
"jeffrey miller","3415030","2011-2013","nj","Somers Point School District","Jeffrey Miller","4223010","2014","pa","Susquehanna Township SD","JEFFREY MILLER"
"jeffrey weaver","4817760","1999-2001","tx","Eanes Isd","Jeffrey Weaver","3904438","2005","oh","Medina City","Jeffrey W. Weaver"
"jeffrey weaver","4817760","1999-2001","tx","Eanes Isd","Jeffrey Weaver","3904493","2006-2011","oh","Upper Arlington City","Jeffrey W. Weaver"
"jennifer brown","2607590","2015","mi","Cadillac","Jennifer Brown","1301920","2021-2023","ga","Early County","JENNIFER BROWN"
"jere hochman","2923580","2003","mo","Parkway C-2","JERE HOCHMAN","3619950","2010-2015","ny","Bedford Csd","Dr. Jere Hochman"
"jeremy christiansen","3100004","2018-2024","ne","Laurel-Concord-Coleridge School","JEREMY CHRISTIANSEN","1909570","2023-2024","ia","Boyer Valley Comm School District","Jeremy  Christiansen"
"jeremy williams","1302310","2017-2023","ga","Gainesville City","JEREMY WILLIAMS","4817960","2022-2024","tx","Eastland Isd","Jeremy Williams"
"jeremy williams","1800054","2015-2017","in","East Chicago Lighthouse Charter","Jeremy Williams","1302310","2017-2023","ga","Gainesville City","JEREMY WILLIAMS"
"jeremy williams","1800054","2015-2017","in","East Chicago Lighthouse Charter","Jeremy Williams","4817960","2022-2024","tx","Eastland Isd","Jeremy Williams"
"jerry chambers","1742960","2003","il","Wolf Branch Sch Dist 113","DR JERRY R CHAMBERS ","2920670","2007","mo","Mehlville R-Ix","JERRY CHAMBERS"
"jerry jennex","2607800","2008, 2011","mi","Capac","Jerry Jennex","639840","2022","ca","Trona Joint Unified","Jerry Jennex"
"jerry johnson","2606000","2015","mi","Blissfield","Jerry Johnson","4011250","2022-2024","ok","Fairland","Jerry Johnson"
"jerry parrett","2916710","2003-2009","mo","Kirbyville R-Vi","JERRY PARRETT","510920","2009-2014","ar","Omaha School District","PARRETT, JERRY"
"jerry phillips","3100002","2001-2012","ne","David City Public Schools","JERRY PHILLIPS","2607620","2008, 2012","mi","Caledonia","Jerry Phillips"
"jerry schutz","1731920","2012-2013","il","Pleasant Plains Cusd 8","Mr. Jerry Schutz","1913290","2014-2017","ia","Grundy Center Comm School District","Jerry Schutz"
"jerry schutz","5510320","2008","wi","Neenah School District","Jerry Schutz","1731920","2012-2013","il","Pleasant Plains Cusd 8","Mr. Jerry Schutz"
"jerry schutz","5510320","2008","wi","Neenah School District","Jerry Schutz","1913290","2014-2017","ia","Grundy Center Comm School District","Jerry Schutz"
"jerry scott","4800001","1990-1994","tx","Crosbyton Isd","Jerry Scott","622950","2008-2009","ca","Lost Hills Union Elementary","Jerry Scott"
"jerry williams","4822680","1991-1992","tx","Hartley Isd","Jerry Williams","3172570","2001-2005","ne","Kimball Public Schools","JERRY WILLIAMS"
"jessica johnson","4816410","2013-2024","tx","Dayton Isd","Jessica Johnson","5507260","2022-2024","wi","Dodgeland School District","Jessica Johnson"
"jim howard","4111610","2014","or","South Umpqua SD 19","Jim Howard","2004830","2021-2024","ks","North Jackson","Jim Howard"
"jim howard","4111610","2014","or","South Umpqua SD 19","Jim Howard","2007530","2016-2018","ks","Hoxie Community Schools","Howard, Jim"
"jim tankersley","4827060","2001-2017","tx","Leary Isd","Jim Tankersley","500405","2017-2019","ar","Cossatot River School District","TANKERSLEY, JIM"
"joann andrees","904950","2007","ct","West Haven School District","joann andrees","2635820","2008, 2011","mi","West Bloomfield","JoAnn Andrees"
"joe fox","4810230","1990-1991","tx","Birdville Isd","Joe Fox","1800005","2014","in","In State Department Of Health","Joe Fox"
"joel applegate","3105460","2013-2018","ne","Cozad Community Schools","JOEL APPLEGATE","2010080","2021-2024","ks","Oberlin","Dr. Joel Applegate"
"john allison","4216110","2008","pa","Mt Lebanon SD","JOHN ALLISON","2010140","2017-2018","ks","Olathe","Allison, John"
"john allison","4216110","2008","pa","Mt Lebanon SD","JOHN ALLISON","2012990","2009-2016","ks","Wichita","Allison, John"
"john allison","4216110","2008","pa","Mt Lebanon SD","JOHN ALLISON","4825260","2023","tx","Keller Isd","John Allison"
"john arrington","1738970","2012","il","Thornton Twp Hsd 205","Mr. John Arrington","4808730","2018-2024","tx","Arp Isd","John Arrington"
"john bailey","4820850","2002-2004","tx","Glen Rose Isd","John Bailey","2600070","2008","mi","Northwest Academy","John Bailey"
"john barrett","2011190","2021","ks","Rolla","John Barrett","4012000","2024","ok","Fort Supply","John Barrett"
"john bell","4207530","2012-2021","pa","Delaware Valley SD","John Bell","3623520","2023-2024","ny","Port Jervis City Sd","JOHN BELL"
"john brazell","3100116","2001-2006","ne","Freeman Public Schools","JOHN BRAZELL","1903660","2007-2009","ia","Anitacomm School District","John Brazell"
"john collins","631530","2008-2014","ca","Poway Unified","John Collins","2926040","2013-2016","mo","Raymondville R-Vii","JOHN COLLINS"
"john cox","4023730","2012-2024","ok","Peggs","John Cox","2012900","2023-2024","ks","Weskan","John Cox"
"john davis","635670","2017","ca","Santa Maria Joint Union High","John Davis","4832910","2018","tx","Normangee Isd","John Davis"
"john davis","3413380","2016-2017","nj","Port Republic School District","John Davis","4832910","2018","tx","Normangee Isd","John Davis"
"john davis","3413380","2016-2017","nj","Port Republic School District","John Davis","635670","2017","ca","Santa Maria Joint Union High","John Davis"
"john deiter","2611550","2011-2012, 2014-2015","mi","Dewitt","John Deiter","1717850","2021-2023","il","Northbrook Esd 27","Dr. John B Deiter"
"john eyerly","5516440","2011-2016","wi","Westfield School District","John Eyerly","1912480","2017-2018","ia","George-Little Rock Comm School District","John Eyerly"
"john ferguson","5103480","2011-2024","va","Scott County","Mr. John Ferguson","4825920","2015-2018","tx","Kountze Isd","John Ferguson"
"john fitzsimons","3616830","2010","ny","Lawrence Ufsd","Dr. John T Fitzsimons","3417310","2015","nj","Weehawken Public School District","John Fitzsimons"
"john goetz","902550","2011","ct","Monroe School District","john goetz","3616080","2014","ny","Katonah-Lewisboro Ufsd","Mr. John Goetz"
"john gordon","4020160","2012-2014","ok","Moffett","John Gordon","5103710","2019-2024","va","Suffolk ","Dr. John Gordon III"
"john harper","1731740","2003-2012","il","Plainfield School Dist 202","DR JOHN HARPER ","1300330","2008-2017","ga","Bartow County","HARPER, JOHN F"
"john harper","1731740","2003-2012","il","Plainfield School Dist 202","DR JOHN HARPER ","1304980","2004-2006","ga","Tift County","HARPER, JOHN F"
"john hill","1715660","2003-2004","il","Fox River Grove Cons S D 3","MR JOHN HILL ","2607320","2008","mi","Bullock Creek","John Hill"
"john james","3105820","2001-2003","ne","Dawson-Verdon Public Schools","JOHN JAMES","2911940","2005-2017","mo","Mid-Buchanan Co. R-V","JOHN JAMES"
"john johnson","1930870","2007-2010","ia","West Centralcomm School District","John Johnson","4206090","2009-2014","pa","Clarion-Limestone Area SD","JOHN JOHNSON"
"john key","1300360","2004-2008","ga","Ben Hill County","KEY, JOHN R.","4800024","2017","tx","Waco Charter School","John Key"
"john key","1300360","2004-2008","ga","Ben Hill County","KEY, JOHN R.","4821810","2004-2006","tx","Groesbeck Isd","John Key"
"john link","1719420","2003","il","Hollis Cons School Dist 328","JOHN LINK ","2911700","2007-2015","mo","Fair Grove R-X","JOHN LINK"
"john link","1719420","2003","il","Hollis Cons School Dist 328","JOHN LINK ","2913770","2003-2006","mo","Hartville R-Ii","JOHN LINK"
"john link","1719420","2003","il","Hollis Cons School Dist 328","JOHN LINK ","2915600","2016-2021","mo","Jackson R-Ii","JOHN LINK"
"john malloy","4800074","2004","tx","Pineywoods Community Acad","John Malloy","635130","2018-2021","ca","San Ramon Valley Unified","John Malloy"
"john marshall","1738490","2003-2012","il","V I T Comm Unit Sch District 2","JOHN MARSHALL ","3600012","2013-2015","ny","Bolivar-Richburg Csd","Mr. John R Marshall"
"john marshall","1738490","2003-2012","il","V I T Comm Unit Sch District 2","JOHN MARSHALL ","3605220","2016-2024","ny","Bradford Csd","JOHN MARSHALL"
"john marshall","1738490","2003-2012","il","V I T Comm Unit Sch District 2","JOHN MARSHALL ","3904720","2005-2007","oh","Ledgemont Local","John R. Marshall"
"john marshall","3904720","2005-2007","oh","Ledgemont Local","John R. Marshall","3600012","2013-2015","ny","Bolivar-Richburg Csd","Mr. John R Marshall"
"john marshall","3904720","2005-2007","oh","Ledgemont Local","John R. Marshall","3605220","2016-2024","ny","Bradford Csd","JOHN MARSHALL"
"john martin","2913140","2003-2006","mo","Grandview C-4","JOHN MARTIN","4822170","2021-2024","tx","Hallsville Isd","John Martin"
"john moore","500044","2007-2012","ar","Magnolia School District","MOORE, JOHN H.","4820250","2020-2024","tx","Galena Park Isd","John Moore"
"john perdue","1904860","2004","ia","Bettendorf Comm School District","John Perdue","1740500","2006-2014","il","Ccsd 89","DR JOHN S PERDUE"
"john phillips","1303870","2003-2008, 2012","ga","Muscogee County","PHILLIPS,JOHN A. DR.","1900015","2010","ia","Sibley-Ocheyedan","John Phillips"
"john phillips","1303870","2003-2008, 2012","ga","Muscogee County","PHILLIPS,JOHN A. DR.","1930720","2004-2007","ia","West Bend-Mallard Comm School District","John Phillips"
"john phillips","4817760","1992-1997","tx","Eanes Isd","John Phillips","1303870","2003-2008, 2012","ga","Muscogee County","PHILLIPS,JOHN A. DR."
"john phillips","4817760","1992-1997","tx","Eanes Isd","John Phillips","1900015","2010","ia","Sibley-Ocheyedan","John Phillips"
"john phillips","4817760","1992-1997","tx","Eanes Isd","John Phillips","1930720","2004-2007","ia","West Bend-Mallard Comm School District","John Phillips"
"john ramos","900450","2007-2011","ct","Bridgeport School District","john j. ramos","3415330","2015-2016","nj","South Orange-Maplewood School District","John Ramos"
"john ramos","900450","2007-2011","ct","Bridgeport School District","john j. ramos","4813170","2015-2020","tx","Castleberry Isd","John Ramos"
"john ramos","900450","2007-2011","ct","Bridgeport School District","john j. ramos","4826610","2013-2014","tx","Lamesa Isd","John Ramos"
"john ramos","3415330","2015-2016","nj","South Orange-Maplewood School District","John Ramos","4813170","2015-2020","tx","Castleberry Isd","John Ramos"
"john reed","1801230","2010","in","Medora Community School Corp","Dr John Reed","2929490","2011","mo","Stewartsville C-2","JOHN REED"
"john reed","1801230","2010","in","Medora Community School Corp","Dr John Reed","902910","2013","ct","Newtown School District","dr. john reed"
"john reed","2929490","2011","mo","Stewartsville C-2","JOHN REED","902910","2013","ct","Newtown School District","dr. john reed"
"john reynolds","904470","2007-2009","ct","Suffield School District","john f. reynolds","4821090","2018","tx","Goodrich Isd","John Reynolds"
"john reynolds","904470","2007-2009","ct","Suffield School District","john f. reynolds","4833690","2018","tx","Onalaska Isd","John Reynolds"
"john reynolds","904470","2007-2009","ct","Suffield School District","john f. reynolds","5103370","2010-2012","va","Rockbridge County","Mr. John T. Reynolds"
"john reynolds","5103370","2010-2012","va","Rockbridge County","Mr. John T. Reynolds","4821090","2018","tx","Goodrich Isd","John Reynolds"
"john reynolds","5103370","2010-2012","va","Rockbridge County","Mr. John T. Reynolds","4833690","2018","tx","Onalaska Isd","John Reynolds"
"john sawyer","4826190","1994-2001","tx","La Porte Isd","John Sawyer","1700110","2003","il","North Chicago School Dist 187","JOHN SAWYER "
"john sawyer","4826190","1994-2001","tx","La Porte Isd","John Sawyer","1735340","2007-2012","il","Sandridge Sd 172","Dr John Sawyer III"
"john smith","2614570","2008, 2011","mi","Forest Area","John Smith","3904371","2011","oh","Canton City","John C. Smith"
"john smith","2614570","2008, 2011","mi","Forest Area","John Smith","4011850","2012-2024","ok","Forest Grove","John Smith"
"john smith","3904371","2011","oh","Canton City","John C. Smith","4011850","2012-2024","ok","Forest Grove","John Smith"
"john stanford","3904380","2017","oh","Columbus City","John Stanford","4202280","2022","pa","Allentown City SD","JOHN STANFORD"
"john stover","4800030","2010-2011","tx","North Hills Preparatory School","John Stover","3703990","2022","nc","Rockingham County Schools","Mr John O Stover III"
"john thomas","1800690","2012, 2014-2017","in","North Harrison Com School Corp","Mr John Thomas","1718450","2018-2020","il","Harvey Sd 152","John F Thomas"
"john thomas","1800690","2012, 2014-2017","in","North Harrison Com School Corp","Mr John Thomas","1731140","2017","il","Pembroke Ccsd 259","Mr. John Thomas"
"john thomas","1800690","2012, 2014-2017","in","North Harrison Com School Corp","Mr John Thomas","3904769","2019","oh","West Holmes Local","John E. Thomas"
"john thomas","1800690","2012, 2014-2017","in","North Harrison Com School Corp","Mr John Thomas","3904941","2023","oh","Clear Fork Valley Local","John E. Thomas"
"john thomas","1800690","2012, 2014-2017","in","North Harrison Com School Corp","Mr John Thomas","3904945","2018","oh","Madison Local","John E. Thomas"
"john thomas","4202130","2008","pa","Aliquippa SD","JOHN THOMAS","1718450","2018-2020","il","Harvey Sd 152","John F Thomas"
"john thomas","4202130","2008","pa","Aliquippa SD","JOHN THOMAS","1731140","2017","il","Pembroke Ccsd 259","Mr. John Thomas"
"john thomas","4202130","2008","pa","Aliquippa SD","JOHN THOMAS","1738970","2011","il","Thornton Twp Hsd 205","John F Thomas"
"john thomas","4202130","2008","pa","Aliquippa SD","JOHN THOMAS","1800690","2012, 2014-2017","in","North Harrison Com School Corp","Mr John Thomas"
"john thomas","4202130","2008","pa","Aliquippa SD","JOHN THOMAS","3904769","2019","oh","West Holmes Local","John E. Thomas"
"john thomas","4202130","2008","pa","Aliquippa SD","JOHN THOMAS","3904941","2023","oh","Clear Fork Valley Local","John E. Thomas"
"john thomas","4202130","2008","pa","Aliquippa SD","JOHN THOMAS","3904945","2018","oh","Madison Local","John E. Thomas"
"john thomas","4202130","2008","pa","Aliquippa SD","JOHN THOMAS","4701680","2011-2012","tn","Hardin County","Mr. John O. Thomas"
"john thomas","4701680","2011-2012","tn","Hardin County","Mr. John O. Thomas","1718450","2018-2020","il","Harvey Sd 152","John F Thomas"
"john thomas","4701680","2011-2012","tn","Hardin County","Mr. John O. Thomas","1731140","2017","il","Pembroke Ccsd 259","Mr. John Thomas"
"john thomas","4701680","2011-2012","tn","Hardin County","Mr. John O. Thomas","1800690","2012, 2014-2017","in","North Harrison Com School Corp","Mr John Thomas"
"john thomas","4701680","2011-2012","tn","Hardin County","Mr. John O. Thomas","3904769","2019","oh","West Holmes Local","John E. Thomas"
"john thomas","4701680","2011-2012","tn","Hardin County","Mr. John O. Thomas","3904941","2023","oh","Clear Fork Valley Local","John E. Thomas"
"john thomas","4701680","2011-2012","tn","Hardin County","Mr. John O. Thomas","3904945","2018","oh","Madison Local","John E. Thomas"
"john thompson","504930","2007-2014, 2016-2020","ar","Dardanelle School District","THOMPSON, JOHN","1301230","2008","ga","Clayton County","THOMPSON,JOHN W"
"john thompson","504930","2007-2014, 2016-2020","ar","Dardanelle School District","THOMPSON, JOHN","2601063","2015","mi","Lakeside Charter School","John Thompson"
"john thompson","504930","2007-2014, 2016-2020","ar","Dardanelle School District","THOMPSON, JOHN","2906150","2011-2017","mo","Cooper Co. R-Iv","John Thompson"
"john thompson","504930","2007-2014, 2016-2020","ar","Dardanelle School District","THOMPSON, JOHN","2906480","2018-2019","mo","Calhoun R-Viii","JOHN THOMPSON"
"john thompson","504930","2007-2014, 2016-2020","ar","Dardanelle School District","THOMPSON, JOHN","4836480","2013-2020","tx","Ranger Isd","John Thompson"
"john thompson","504930","2007-2014, 2016-2020","ar","Dardanelle School District","THOMPSON, JOHN","626910","2017-2022","ca","New Haven Unified","John Thompson"
"john thompson","626910","2017-2022","ca","New Haven Unified","John Thompson","2906480","2018-2019","mo","Calhoun R-Viii","JOHN THOMPSON"
"john thompson","1301230","2008","ga","Clayton County","THOMPSON,JOHN W","2601063","2015","mi","Lakeside Charter School","John Thompson"
"john thompson","1301230","2008","ga","Clayton County","THOMPSON,JOHN W","2906150","2011-2017","mo","Cooper Co. R-Iv","John Thompson"
"john thompson","1301230","2008","ga","Clayton County","THOMPSON,JOHN W","2906480","2018-2019","mo","Calhoun R-Viii","JOHN THOMPSON"
"john thompson","1301230","2008","ga","Clayton County","THOMPSON,JOHN W","4836480","2013-2020","tx","Ranger Isd","John Thompson"
"john thompson","1301230","2008","ga","Clayton County","THOMPSON,JOHN W","626910","2017-2022","ca","New Haven Unified","John Thompson"
"john thompson","2601063","2015","mi","Lakeside Charter School","John Thompson","2906480","2018-2019","mo","Calhoun R-Viii","JOHN THOMPSON"
"john thompson","2601063","2015","mi","Lakeside Charter School","John Thompson","626910","2017-2022","ca","New Haven Unified","John Thompson"
"john thompson","4836480","2013-2020","tx","Ranger Isd","John Thompson","2601063","2015","mi","Lakeside Charter School","John Thompson"
"john thompson","4836480","2013-2020","tx","Ranger Isd","John Thompson","2906480","2018-2019","mo","Calhoun R-Viii","JOHN THOMPSON"
"john thompson","4836480","2013-2020","tx","Ranger Isd","John Thompson","626910","2017-2022","ca","New Haven Unified","John Thompson"
"john walker","2634440","2008","mi","Unionville-Sebewaing","John Walker","3616980","2010-2013","ny","North Rose-Wolcott Csd","Mr. John C Walker"
"john walker","2634440","2008","mi","Unionville-Sebewaing","John Walker","4014370","2012-2013","ok","Henryetta","John Walker"
"john walker","2634440","2008","mi","Unionville-Sebewaing","John Walker","4026580","2013","ok","Ryal","John Walker"
"john walker","3616980","2010-2013","ny","North Rose-Wolcott Csd","Mr. John C Walker","4014370","2012-2013","ok","Henryetta","John Walker"
"john walker","3616980","2010-2013","ny","North Rose-Wolcott Csd","Mr. John C Walker","4026580","2013","ok","Ryal","John Walker"
"john weaver","3904627","2005","oh","Southeastern Local","John W. Weaver","2624180","2014","mi","Montague","John Weaver"
"john weaver","3904627","2005","oh","Southeastern Local","John W. Weaver","2625800","2008","mi","North Muskegon","John Weaver"
"john weaver","3904627","2005","oh","Southeastern Local","John W. Weaver","4008040","2012-2013","ok","Cleveland","John Weaver"
"john weaver","4008040","2012-2013","ok","Cleveland","John Weaver","2624180","2014","mi","Montague","John Weaver"
"john weidner","1929730","2005-2010","ia","Wapello","John Weidner","3100129","2016-2021","ne","Twin River Public Schools","John Weidner"
"john whetzal","2000351","2021-2022","ks","Riverside","John Whetzal","3100029","2023-2024","ne","Superior Public Schools","John Whetzal"
"john williams","3602940","2010-2013","ny","Amityville Ufsd","Dr. John R Williams","1807380","2018-2019","in","Nettle Creek School Corporation","John Williams"
"john williams","3602940","2010-2013","ny","Amityville Ufsd","Dr. John R Williams","1811190","2014","in","Sunman-Dearborn Com Sch Corp","John Williams"
"john wilson","3904644","2011-2016","oh","Southern Local","John S. Wilson","4821560","2014-2017","tx","Grandview-Hopkins Isd","John Wilson"
"john wilson","3904644","2011-2016","oh","Southern Local","John S. Wilson","4832880","2012-2024","tx","Nordheim Isd","John Wilson"
"john wilson","3904644","2011-2016","oh","Southern Local","John S. Wilson","509990","2016-2017","ar","Mount Ida School District","Wilson, John T."
"john wilson","3904644","2011-2016","oh","Southern Local","John S. Wilson","513930","2021-2022","ar","Watson Chapel School District","WILSON, JOHN"
"johnny brown","1301740","2002-2004","ga","Dekalb County","Brown, Johnny Edward","4835400","2006-2012","tx","Port Arthur Isd","Johnny Brown"
"johnny james","4011040","2018-2021","ok","Erick","Johnny James","4829880","2022-2024","tx","Mclean Isd","Johnny James"
"jonathan raymond","633840","2008-2011","ca","Sacramento City Unified","Jonathan Raymond","3620490","2021-2022","ny","New Rochelle City Sd","JONATHAN RAYMOND"
"jose espinoza","4840710","2012-2020","tx","Socorro Isd","Jose Espinoza","634230","2019","ca","San Bruno Park Elementary","Jose Espinoza"
"jose espinoza","4840710","2012-2020","tx","Socorro Isd","Jose Espinoza","637380","2020-2022","ca","South Bay Union","Jose Espinoza"
"joseph dyer","4203900","2008-2009","pa","Blue Ridge SD","JOSEPH DYER","1918690","2015-2018","ia","Marion Independent School District","Joseph Dyer"
"joseph fisher","4841340","2008-2014","tx","Spurger Isd","Joseph Fisher","502610","2016","ar","Atkins School District","Fisher, Joseph D."
"joseph fisher","4841340","2008-2014","tx","Spurger Isd","Joseph Fisher","504410","2017","ar","Clinton School District","FISHER, JOSEPH D."
"joseph fisher","4841340","2008-2014","tx","Spurger Isd","Joseph Fisher","507140","2018-2024","ar","Guy-Perkins School District","Fisher, Joseph D."
"joseph geletka","3904414","2017-2022","oh","Ironton City","Joseph Geletka","4817400","2024","tx","Doss Consolidated Csd","Joseph Geletka"
"joseph jones","3418150","2011-2015","nj","Woodbury City Public School District","Joseph Jones","4216410","2016-2019","pa","Neshaminy SD","JOSEPH JONES"
"joseph long","3905072","2005","oh","Otsego Local","Joseph L. Long","4217790","2020-2024","pa","Northwest Area SD","JOSEPH LONG"
"joseph lopez","4838900","2000-2002","tx","San Felipe-Del Rio Cons I","Joseph Lopez","2629250","2008","mi","Quincy","Joseph Lopez"
"joseph meloche","3403000","2015-2017, 2019-2023","nj","Cherry Hill School District","Joseph Meloche","4220550","2023-2024","pa","Rose Tree Media SD","JOSEPH MELOCHE"
"joseph murphy","3616960","2010-2013","ny","North Warren Csd","Mr. Joseph R Murphy","2600010","2011-2012, 2014-2015","mi","Sigel Twp. #3f","Joseph Murphy"
"joseph murphy","3616960","2010-2013","ny","North Warren Csd","Mr. Joseph R Murphy","2600011","2011-2012, 2014-2015","mi","Sigel Twp. #4f","Joseph Murphy"
"joseph murphy","3616960","2010-2013","ny","North Warren Csd","Mr. Joseph R Murphy","2609630","2011-2012, 2014-2015","mi","Church","Joseph Murphy"
"joseph murphy","3616960","2010-2013","ny","North Warren Csd","Mr. Joseph R Murphy","2610230","2011-2012, 2014-2015","mi","Colfax Twp.","Joseph Murphy"
"joseph murphy","3616960","2010-2013","ny","North Warren Csd","Mr. Joseph R Murphy","2631830","2011-2012, 2014-2015","mi","Sigel Township S/D #6","Joseph Murphy"
"joseph murphy","3616960","2010-2013","ny","North Warren Csd","Mr. Joseph R Murphy","2634860","2011-2012, 2014-2015","mi","Verona Twp. #1f","Joseph Murphy"
"joseph petrella","1712210","2012-2013","il","Diamond Lake Sd 76","Dr. Joseph Petrella","4226370","2015","pa","Wilkinsburg Borough SD","JOSEPH PETRELLA"
"joseph ricca","3404170","2011-2013","nj","East Hanover Township School District","Joseph Ricca","3610650","2013-2017","ny","Elmsford Ufsd","Mr. Joseph Ricca"
"joseph ricca","3404170","2011-2013","nj","East Hanover Township School District","Joseph Ricca","3631260","2018-2024","ny","White Plains City Sd","Mr. Joseph L Ricca"
"joseph williams","601332","2010","ca","Twin Rivers Unified","Joseph Williams","1732970","2018-2023","il","Queen Bee Sd 16","Dr. Joseph R Williams"
"joylynn pruitt adams","1729280","2017-2020","il","Oak Park - River Forest Sd 200","Dr. Joylynn Pruitt-Adams","2926670","2023-2024","mo","Riverview Gardens","JOYLYNN PRUITT-ADAMS"
"judith pritchett","4836960","2004-2014","tx","Rice Isd","Judith Pritchett","2608580","2008","mi","Center Line","Judith Pritchett"
"julie harrelson","1301800","2014-2015","ga","Dooly County","JULIE HARRELSON","1717580","2019-2023","il","Grayville Cusd 1","Ms. Julie Harrelson"
"june chang","3415900","2015-2017, 2019-2020","nj","Summit Public School District","June Chang","3624780","2020","ny","Rockville Centre Ufsd","JUNE CHANG"
"justin lockwood","2011220","2010-2014","ks","Flinthills","Lockwood, Justin","4024930","2015-2016","ok","Prague","Justin Lockwood"
"justin robertson","4701590","2021-2022","tn","Hamilton County","Dr. Justin Robertson","512060","2024","ar","Russellville School District","ROBERTSON, JUSTIN T."
"karen anderson","2600153","2008, 2011-2012, 2014","mi","North Star Academy","Karen Anderson","4810950","2013-2022","tx","Bovina Isd","Karen Anderson"
"karen garza","4828500","2009-2012","tx","Lubbock Isd","Karen Garza","5101260","2013-2015","va","Fairfax County","Dr. Karen K. Garza"
"karen hall","4808550","1990-1994","tx","Aransas Co Isd","Karen Hall","2920010","2013-2021","mo","Maplewood-Richmond Heights","KAREN HALL"
"karl brown","4807590","2008-2018","tx","Alamo Heights Isd","Karl Brown","3603810","2010","ny","Bainbridge-Guilford Csd","Mr. Karl L Brown"
"kathleen mcnamara","600048","2008-2011","ca","Paso Robles Joint Unified","Kathleen McNamara","2604350","2008, 2011-2012","mi","Beaver Island","Kathleen McNamara"
"kathleen williams","1713140","2003-2008","il","East Maine School Dist 63","DR KATHLEEN WILLIAMS ","5515900","2011-2016","wi","Wausau School District","Kathleen Williams"
"kathy dinger","1707950","2013-2014, 2017-2022","il","Bushnell Prairie City Cusd 170","Mrs. Kathy Dinger","1915630","2023-2024","ia","Keokuk Comm School District","Kathy Dinger"
"kay royster","1731230","2003","il","Peoria School District 150","DR KAY E ROYSTER ","2916290","2007-2008","mo","Jennings","KAY ROYSTER"
"keith custer","2003390","2009-2011","ks","Anthony-Harper","Custer, Keith","4030330","2016-2021","ok","Turpin","Keith Custer"
"keith marty","5509060","2008-2010","wi","Menomonee Falls School District","Keith Marty","2923580","2012-2024","mo","Parkway C-2","KEITH MARTY"
"keith miles","3402250","2021-2023","nj","Bridgeton City","Dr. Keith Miles","4213140","2023-2024","pa","Lancaster SD","KEITH MILES"
"keith smith","4828710","2007-2022","tx","Madisonville Cisd","Keith Smith","2620380","2011-2012, 2014-2015","mi","Kingsley","Keith Smith"
"kelly carrell","4844490","2015","tx","Walnut Bend Isd","Kelly Carrell","4011040","2022","ok","Erick","Kelly Carrell"
"kelly davis","3904757","2009-2010","oh","Holgate Local","Kelly J. Davis","2615750","2012","mi","Genesee","Kelly Davis"
"kelly lampe","2004140","2016-2018, 2021-2022","ks","Bucklin","Lampe, Kelly","3100124","2023-2024","ne","Bruning-Davenport Unified Sys","Kelly Lampe"
"kenneth bridges","2012150","2012-2016","ks","Syracuse","Bridges, Kenneth","4015690","2017","ok","Jay","Kenneth Bridges"
"kenneth bridges","2012150","2012-2016","ks","Syracuse","Bridges, Kenneth","4021900","2018","ok","Norwood","Kenneth Bridges"
"kenneth brown","1201200","2013-2016","fl","Madison","BROWN, KENNETH","4811040","2016-2024","tx","Boys Ranch Isd","Kenneth Brown"
"kenneth brown","3105280","2001","ne","Cody-Kilgore Public Schs","KENNETH BROWN","1201200","2013-2016","fl","Madison","BROWN, KENNETH"
"kenneth brown","3105280","2001","ne","Cody-Kilgore Public Schs","KENNETH BROWN","4811040","2016-2024","tx","Boys Ranch Isd","Kenneth Brown"
"kenneth cox","1700113","2007","il","Illini Central Cusd 189","Kenneth Cox","4112930","2012","or","Vernonia SD 47J","Kenneth Cox"
"kenneth hall","1301920","1999-2000, 2007-2009","ga","Early County","HALL, RICHARD D.","4815600","2009-2024","tx","Crawford Isd","Kenneth Hall"
"kenneth hall","1301920","1999-2000, 2007-2009","ga","Early County","HALL, RICHARD D.","4838160","2005-2008","tx","Roxton Isd","Kenneth Hall"
"kenneth hamilton","3410500","2011-2014","nj","Monroe Township Board Of Education","KENNETH HAMILTON","3610200","2023-2024","ny","Edgemont Ufsd","KENNETH HAMILTON"
"kenneth hamilton","3410500","2011-2014","nj","Monroe Township Board Of Education","KENNETH HAMILTON","3620100","2014-2021","ny","Mt Vernon Sd","Dr. Kenneth R Hamilton"
"kenneth miller","626070","2008","ca","Mountain Elementary","Kenneth Miller","3904522","2014-2015","oh","Bradford Exempted Village","Kenneth M. Miller"
"kenneth miller","626070","2008","ca","Mountain Elementary","Kenneth Miller","3904533","2013","oh","Covington Exempted Village","Kenneth M. Miller"
"kenneth miller","626070","2008","ca","Mountain Elementary","Kenneth Miller","4839900","2014","tx","Shamrock Isd","Kenneth Miller"
"kenneth mitchell","4837500","1990-1992","tx","Rochelle Isd","Kenneth Mitchell","3627450","2010-2014","ny","South Orangetown Csd","Mr. Kenneth Mitchell"
"kenneth moore","1300254","2012-2017, 2019-2022","ga","Georgia School For The Deaf","KENNEY MOORE","504560","2018-2019","ar","Concord School District","MOORE, KENNETH"
"kenneth moore","1300254","2012-2017, 2019-2022","ga","Georgia School For The Deaf","KENNEY MOORE","514430","2020-2024","ar","Wynne School District","Moore, Kenneth R."
"kenneth spells","1810290","2016-2017","in","South Bend Community School Corp","Kenneth Spells","1718600","2019-2022","il","Hazel Crest Sd 152-5","Dr. Kenneth Spells"
"kenneth vaughn","4800074","2017-2021","tx","Pineywoods Community Academy","Kenneth Vaughn","507110","2022","ar","Gurdon School District","VAUGHN, KENNETH"
"kent edwards","1300870","2010-2015","ga","Carrollton City","KENT EDWARDS","3172390","2016-2021","ne","Kearney Public Schools","Kent Edwards"
"kent mutchler","1903690","2004-2005","ia","Ankeny Comm School District","Kent Mutchler","1716380","2006-2014, 2017-2022","il","Geneva Cusd 304","DR KENT D MUTCHLER"
"kevin brown","600013","2008-2010","ca","Rocklin Unified","Kevin Brown","4005910","2022","ok","Burlington","Kevin Brown"
"kevin brown","600013","2008-2010","ca","Rocklin Unified","Kevin Brown","4006960","2023-2024","ok","Cement","Kevin Brown"
"kevin brown","600013","2008-2010","ca","Rocklin Unified","Kevin Brown","4010260","2014-2017","ok","Duke","Kevin Brown"
"kevin cogdill","1724650","2005-2014, 2017-2018","il","Marissa C U Sch Dist 40","KEVIN K COGDILL ","2904890","2020-2021","mo","Scott Co. R-Iv","Kevin Cogdill"
"kevin miller","2908670","2004-2008","mo","Charleston R-I","KEVIN MILLER","2608160","2014","mi","Carsonville","Kevin Miller"
"kevin miller","2908670","2004-2008","mo","Charleston R-I","KEVIN MILLER","2611140","2008, 2011-2012","mi","Croswell-Lexington","Kevin Miller"
"kevin miller","2908670","2004-2008","mo","Charleston R-I","KEVIN MILLER","3904541","2005-2008","oh","Hicksville Exempted Village","Kevin S. Miller"
"kevin miller","2908670","2004-2008","mo","Charleston R-I","KEVIN MILLER","3904800","2021-2023","oh","Licking Heights Local","Kevin S. Miller"
"kevin miller","2908670","2004-2008","mo","Charleston R-I","KEVIN MILLER","3904821","2009-2017","oh","Ottawa Hills Local","Kevin S. Miller"
"kevin miller","2908670","2004-2008","mo","Charleston R-I","KEVIN MILLER","4113490","2012-2018, 2020","or","Winston-Dillard SD 116","Kevin Miller"
"kevin miller","4113490","2012-2018, 2020","or","Winston-Dillard SD 116","Kevin Miller","2608160","2014","mi","Carsonville","Kevin Miller"
"kevin miller","4113490","2012-2018, 2020","or","Winston-Dillard SD 116","Kevin Miller","3904800","2021-2023","oh","Licking Heights Local","Kevin S. Miller"
"kevin singer","4821660","2001-2003","tx","Grapevine-Colleyville Isd","Kevin Singer","2012260","2009-2010","ks","Topeka Public Schools","Singer, Kevin"
"kevin smith","1802430","2018-2021","in","Covington Community School Corp","Kevin Smith","3904535","2019-2023","oh","Crooksville Exempted Village","Kevin C. Smith"
"kevin smith","1802430","2018-2021","in","Covington Community School Corp","Kevin Smith","500062","2024","ar","Kipp Delta Public Schools","SMITH, KEVIN"
"kevin smith","2918670","2009-2024","mo","Lincoln R-Ii","Kevin Smith","1802430","2018-2021","in","Covington Community School Corp","Kevin Smith"
"kevin smith","2918670","2009-2024","mo","Lincoln R-Ii","Kevin Smith","3904535","2019-2023","oh","Crooksville Exempted Village","Kevin C. Smith"
"kevin smith","2918670","2009-2024","mo","Lincoln R-Ii","Kevin Smith","500062","2024","ar","Kipp Delta Public Schools","SMITH, KEVIN"
"kevin smith","2918670","2009-2024","mo","Lincoln R-Ii","Kevin Smith","900270","2012-2013","ct","Bethel School District","kevin j. smith"
"kevin smith","2918670","2009-2024","mo","Lincoln R-Ii","Kevin Smith","905130","2014-2023","ct","Wilton School District","dr. kevin smith"
"kevin smith","3904535","2019-2023","oh","Crooksville Exempted Village","Kevin C. Smith","500062","2024","ar","Kipp Delta Public Schools","SMITH, KEVIN"
"kevin wilson","4823670","2007-2024","tx","Howe Isd","Kevin Wilson","4006060","2022-2024","ok","Byng","Kevin Wilson"
"kimberly lingenfelter","3174220","2011-2014","ne","Neligh-Oakdale Schools","KIM LINGENFELTER","1907170","2015-2020, 2023","ia","Cherokee Comm School District","Kimberly  Lingenfelter"
"kirk ahrends","1931470","2004-2011","ia","Westwood Comm School District","Kirk Ahrends","3178300","2018-2023","ne","Walthill Public Schools","Kirk Ahrends"
"kriner cash","4700148","2011-2012","tn",,"Mr. Kriner Cash","3605850","2015-2021","ny","Buffalo City Sd","Dr. Kriner Cash"
"kristopher harrison","3409930","2011","nj","Mendham Township Board Of Education","Kristopher Harrison","3615450","2012-2023","ny","Irvington Ufsd","Mr. Kristopher M Harrison"
"lacee sell","2925290","2009-2011","mo","Clinton Co. R-Iii","LACEE SELL","2004620","2011-2015","ks","Chapman","Sell, Lacee"
"larry allen","1301950","2007-2009","ga","Echols County","ALLEN, LARRY D.","2616320","2008","mi","Goodrich","Larry Allen"
"larry anderson","4810470","2000-2001","tx","Blooming Grove Isd","Larry Anderson","3904358","2005-2007","oh","Bellefontaine City","Larry D. Anderson"
"larry brown","2920310","2003-2008, 2010-2018","mo","Marionville R-Ix","LARRY BROWN","3904453","2010-2011","oh","North Ridgeville City","Larry C. Brown"
"larry brown","2920310","2003-2008, 2010-2018","mo","Marionville R-Ix","LARRY BROWN","3904564","2012-2017","oh","Wauseon Exempted Village","Larry C. Brown"
"larry brown","2920310","2003-2008, 2010-2018","mo","Marionville R-Ix","LARRY BROWN","3904859","2018-2021","oh","Fort Recovery Local","Larry C. Brown"
"larry brown","2920310","2003-2008, 2010-2018","mo","Marionville R-Ix","LARRY BROWN","3905055","2006-2009","oh","Green Local","Larry C. Brown"
"larry brown","2920310","2003-2008, 2010-2018","mo","Marionville R-Ix","LARRY BROWN","5509840","2008-2011","wi","Monroe School District","Larry Brown"
"larry brown","2920310","2003-2008, 2010-2018","mo","Marionville R-Ix","LARRY BROWN","5512810","2012-2015","wi","Rice Lake Area School District","Larry Brown"
"larry davis","4812750","1998-2004, 2010","tx","Canton Isd","Larry Davis","2925530","2003-2008","mo","Prairie Home R-V","LARRY DAVIS"
"larry hawkins","4828680","1993-2002","tx","Mabank Isd","Larry Hawkins","4000075","2012","ok","Oklahoma School For The Deaf","Larry Hawkins"
"larry johnson","2628810","2008","mi","Port Hope","Larry Johnson","4000014","2017-2024","ok","Burns Flat-Dill City","Larry Johnson"
"larry johnson","2628810","2008","mi","Port Hope","Larry Johnson","4101470","2021-2023","or","Arlington SD 3","Larry Johnson"
"larry johnson","2628810","2008","mi","Port Hope","Larry Johnson","4111640","2018, 2020","or","Spray SD 1","Larry Johnson"
"larry johnson","2628810","2008","mi","Port Hope","Larry Johnson","4808340","2009-2014","tx","Anna Isd","Larry Johnson"
"larry johnson","4000014","2017-2024","ok","Burns Flat-Dill City","Larry Johnson","4101470","2021-2023","or","Arlington SD 3","Larry Johnson"
"larry johnson","4000014","2017-2024","ok","Burns Flat-Dill City","Larry Johnson","4111640","2018, 2020","or","Spray SD 1","Larry Johnson"
"larry schmidt","4218390","2008-2009","pa","Palmyra Area SD","Larry Schmidt","2003180","2009","ks","Abilene","Schmidt, Larry K."
"larry shackelford","4833960","1996-2001","tx","Paint Creek Isd","Larry Shackelford","4015690","2018-2021","ok","Jay","Larry Shackelford"
"larry smith","514140","2007-2014","ar","White Hall School District","SMITH, LARRY","3904861","2011-2012","oh","Bethel Local","Larry D. Smith"
"larry smith","514140","2007-2014","ar","White Hall School District","SMITH, LARRY","4827570","2016","tx","Lindsay Isd","Larry Smith"
"larry smith","3904861","2011-2012","oh","Bethel Local","Larry D. Smith","4827570","2016","tx","Lindsay Isd","Larry Smith"
"larry williams","1719970","2003","il","Il Valley Central Unit Dist 321","LARRY WILLIAMS ","1903220","2011","ia","Akron Westfield","Larry Williams"
"larry williams","1719970","2003","il","Il Valley Central Unit Dist 321","LARRY WILLIAMS ","1914160","2010","ia","Hinton","Larry  Williams"
"larry williams","1719970","2003","il","Il Valley Central Unit Dist 321","LARRY WILLIAMS ","1926400","2004-2007","ia","Sioux City Comm School District","Larry D. Williams"
"laura blessing","1808190","2014-2019","in","Northeastern Wayne Schools","Laura Blessing","3904439","2019-2023","oh","Miamisburg City","LAURA L. BLESSING"
"laurie bandlow","3412720","2015-2017, 2019","nj","Paulsboro School District","Laurie Bandlow","3605310","2020-2023","ny","Brewster Csd","LAURIE BANDLOW"
"laurie kimbrel","638790","2008-2012","ca","Tamalpais Union High","Laurie Kimbrel","1300242","2016","ga","Brookhaven Innovation Academy","LAURIE KIMBREL"
"laurie walles","3910002","2005-2013","oh","Arcadia Local","Laurie M. Walles","2607170","2015","mi","Buckley","Laurie Walles"
"lawrence kapugia","2635010","2008","mi","Wakefield-Marenisco","Lawrence Kapugia","5509150","2009-2010","wi","Mercer School District","Lawrence Kapugia"
"linda iverson","4226370","2016-2020","pa","Wilkinsburg Borough SD","LINDA IVERSON","3612720","2021-2024","ny","Greenburgh Csd","LINDA IVERSON"
"linda johnson","4800128","1999-2001, 2005","tx","Gulf Shores Academy","Linda Johnson","4103270","2012-2013","or","Colton SD 53","Linda Johnson"
"linda smith","4226430","2008, 2010-2014","pa","Williamsburg Community SD","Linda Smith","642630","2013-2019, 2022","ca","Willow Grove Union Elementary","Linda Smith"
"link luttrell","2912030","2014-2022","mo","Festus R-Vi","LINK LUTTRELL","2011850","2022-2024","ks","Spring Hill","Dr. Link Luttrell"
"lionel brown","2932110","2003-2005","mo","Henry Co. R-I","LIONEL BROWN","1304050","2018-2023","ga","Peach County","LIONEL BROWN"
"lisa gonzales","631470","2011-2012","ca","Portola Valley Elementary","Lisa Gonzales","4825320","2018-2019","tx","Kemp Isd","Lisa Gonzales"
"lisa gonzales","631470","2011-2012","ca","Portola Valley Elementary","Lisa Gonzales","4833360","2011-2017","tx","Odem-Edroy Isd","Lisa Gonzales"
"lisa weaver","4031860","2014-2023","ok","Watts","Lisa Weaver","1731860","2017-2023","il","Pleasant Hill Sd 69","Mrs. Lisa M Weaver"
"logan lightfoot","3100010","2018-2021","ne","Anselmo-Merna Public Schools","Logan Lightfoot","2920490","2023-2024","mo","Maryville R-Ii","LOGAN LIGHTFOOT"
"lori clark","2600105","2014-2015","mi","Big Jackson","Lori Clark","641040","2020-2022","ca","Victor Elementary","Lori Clark"
"louis moore","1303240","1999-2000","ga","Lanier County","MOORE, LOUIS RAYMOND","3413750","2017, 2019-2024","nj","Red Bank Regional School District","Louis Moore"
"louis muenker","4216410","2008-2011","pa","Neshaminy SD","LOUIS MUENKER","3400769","2014-2017, 2019","nj","South Hunterdon Regional School District","Louis Muenker"
"lynn johnson","1913500","2019-2020","ia","Harlan Comm School District","Ms. Lynn Johnson","3104950","2021-2023","ne","Raymond Central Public Schools","Lynn Johnson"
"lynn johnson","1807800","2010, 2012, 2014","in","North Judson-San Pierre Sch Corp","Mrs Lynn Johnson","1913500","2019-2020","ia","Harlan Comm School District","Ms. Lynn Johnson"
"lynn johnson","1807800","2010, 2012, 2014","in","North Judson-San Pierre Sch Corp","Mrs Lynn Johnson","3104950","2021-2023","ne","Raymond Central Public Schools","Lynn Johnson"
"magie roberts","1703090","2003-2006","il","Abingdon C U School Dist 217","DR MAGIE ROBERTS ","2925330","2003","mo","Pleasant Hill R-Iii","MAGIE ROBERTS"
"maria pitre martin","3704500","2013-2014","nc","Thomasville City Schools","Maria Pitre-Martin","5102910","2019-2021","va","Petersburg ","Dr. Maria Pitre-Martin"
"marion martinez","901260","2007-2008","ct","East Hartford School District","marion h. martinez","3604870","2013-2015","ny","Binghamton City Sd","Dr. Marion H Martinez"
"mark alexander","3621510","2012-2018","ny","Oakfield-Alabama Csd","Mr. Mark Alexander","4011250","2012-2021","ok","Fairland","Mark Alexander"
"mark baker","1808160","2010, 2012, 2014-2023","in","Northeast School Corp","Dr Mark Baker","2907460","2018-2023","mo","Carthage R-Ix","MARK BAKER"
"mark bejot","2012630","2009-2010","ks","Wakeeney","Bejot, Mark","3173440","2020-2024","ne","Maywood Public Schools","Mark Bejot"
"mark bejot","2012630","2009-2010","ks","Wakeeney","Bejot, Mark","3178240","2011-2018","ne","Wakefield Public Schools","MARK BEJOT"
"mark crawford","3630780","2010-2017","ny","West Seneca Csd","Dr. Mark J Crawford","2006570","2021-2024","ks","Goessel","Mark Crawford"
"mark crawford","3630780","2010-2017","ny","West Seneca Csd","Dr. Mark J Crawford","2009390","2015-2016","ks","Mcpherson","Crawford, Mark"
"mark daniel","1728620","2014, 2017-2020","il","Mclean County Usd 5","Dr. Mark Daniel","1803630","2020-2024","in","Fort Wayne Community Schools","Mark Daniel"
"mark daniel","2612150","2011-2012","mi","Dowagiac Union","Mark Daniel","1728620","2014, 2017-2020","il","Mclean County Usd 5","Dr. Mark Daniel"
"mark daniel","2612150","2011-2012","mi","Dowagiac Union","Mark Daniel","1803630","2020-2024","in","Fort Wayne Community Schools","Mark Daniel"
"mark evans","2003360","2009-2012","ks","Andover","Evans, Mark","3174820","2013-2017","ne","Omaha Public Schools","MARK EVANS"
"mark johnson","2600006","2008, 2011-2012","mi","Bessemer","Mark Johnson","5500061","2013-2024","wi","Chetek-Weyerhaeuser Area School District","Mark Johnson"
"mark johnson","2600006","2008, 2011-2012","mi","Bessemer","Mark Johnson","614220","2013-2019","ca","Fountain Valley Elementary","Mark Johnson"
"mark johnson","2600006","2008, 2011-2012","mi","Bessemer","Mark Johnson","640150","2020-2022","ca","Tustin Unified","Mark Johnson"
"mark johnson","5500061","2013-2024","wi","Chetek-Weyerhaeuser Area School District","Mark Johnson","640150","2020-2022","ca","Tustin Unified","Mark Johnson"
"mark king","4207540","2008","pa","Deer Lakes SD","MARK KING","2600325","2011","mi","Wavecrest Career Academy","Mark King"
"mark miles","3904543","2011-2017","oh","Indian Hill Exempted Village","Mark T. Miles","2926850","2020-2021","mo","Rockwood R-Vi","MARK MILES"
"mark miller","637260","2016-2017","ca","Sonora Union High","Mark Miller","1705570","2017-2021","il","Opdyke-Belle-Rive Ccsd 5","Mr. Mark L Miller"
"mark miller","2610860","2008, 2011","mi","Corunna","Mark Miller","1705570","2017-2021","il","Opdyke-Belle-Rive Ccsd 5","Mr. Mark L Miller"
"mark miller","2610860","2008, 2011","mi","Corunna","Mark Miller","3403840","2012-2017, 2019","nj","Dennis Township","MARK MILLER"
"mark miller","2610860","2008, 2011","mi","Corunna","Mark Miller","3412960","2011","nj","Phillipsburg School District","Mark Miller"
"mark miller","2610860","2008, 2011","mi","Corunna","Mark Miller","637260","2016-2017","ca","Sonora Union High","Mark Miller"
"mark mitchell","1733380","2009, 2012-2014, 2017-2023","il","Reed Custer Cusd 255u","Mr. Mark Mitchell","4225230","2023-2024","pa","West Branch Area SD","MARK MITCHELL"
"mark mitchell","2921810","2003-2005","mo","Neosho R-V","MARK MITCHELL","1733380","2009, 2012-2014, 2017-2023","il","Reed Custer Cusd 255u","Mr. Mark Mitchell"
"mark mitchell","2921810","2003-2005","mo","Neosho R-V","MARK MITCHELL","4225230","2023-2024","pa","West Branch Area SD","MARK MITCHELL"
"mark parker","4833360","2007","tx","Odem-Edroy Isd","Mark Parker","2930870","2019-2021","mo","Maries Co. R-I","MARK PARKER"
"mark scott","1302880","2014-2023","ga","Houston County","MARK SCOTT","1727780","2023","il","Nauvoo-Colusa Cusd 325","Mr. Mark Scott"
"mark scott","1302880","2014-2023","ga","Houston County","MARK SCOTT","1742240","2017-2022","il","North Greene Cusd 3","Mr. Mark Scott"
"mark scott","1302880","2014-2023","ga","Houston County","MARK SCOTT","3904617","2019-2023","oh","Brown Local","Mark D. Scott"
"mark scott","3904617","2019-2023","oh","Brown Local","Mark D. Scott","1727780","2023","il","Nauvoo-Colusa Cusd 325","Mr. Mark Scott"
"mark silverstein","3614070","2010-2019","ny","Hawthorne-Cedar Knolls Ufsd","Mr. Mark K Silverstein","3405880","2011-2017, 2019-2024","nj","Glassboro Public Schools","Mark Silverstein"
"mark spaid","1718960","2007-2008","il","High Mount Sd 116","Dr Mark Spaid","2906150","2018","mo","Cooper Co. R-Iv","Mark Spaid"
"mark stefanik","3701080","2015-2019","nc","Currituck County Schools","Mark Stefanik","3904561","2019-2021","oh","Tipp City Exempted Village","Mark J. Stefanik"
"mark taylor","1906750","2023-2024","ia","Centerville Comm School District","Mark Taylor","5103640","2023","va","Spotsylvania County Public Schools","Mr. Mark Taylor"
"mark white","3904696","2009-2010","oh","Gahanna-Jefferson City","Mark E. White","3614250","2015-2023","ny","Hermon-Dekalb Csd","Mr. Mark White"
"marla stephenson","601860","2008-2011","ca","Albany City Unified","Marla Stephenson","4104700","2013-2015","or","Estacada SD 108","Marla Stephenson"
"marshall lewis","2928470","2004-2006","mo","South Iron Co. R-I","MARSHALL LEWIS","1904680","2010-2012","ia","Belmond-Klemme","Marshall Lewis"
"marshall lewis","2928470","2004-2006","mo","South Iron Co. R-I","MARSHALL LEWIS","1912810","2020, 2023-2024","ia","Graettinger-Terrilcomm School District","Marshall Lewis"
"marshall lewis","2928470","2004-2006","mo","South Iron Co. R-I","MARSHALL LEWIS","1925050","2020, 2023-2024","ia","Ruthven-Ayrshirecomm School District","Marshall Lewis"
"marshall lewis","2928470","2004-2006","mo","South Iron Co. R-I","MARSHALL LEWIS","3172570","2013-2016","ne","Kimball Public Schools","MARSHALL LEWIS"
"marshall lewis","3172570","2013-2016","ne","Kimball Public Schools","MARSHALL LEWIS","1912810","2020, 2023-2024","ia","Graettinger-Terrilcomm School District","Marshall Lewis"
"marshall lewis","3172570","2013-2016","ne","Kimball Public Schools","MARSHALL LEWIS","1925050","2020, 2023-2024","ia","Ruthven-Ayrshirecomm School District","Marshall Lewis"
"martin cox","4800064","2003","tx","Star Charter School","Martin Cox","3611070","2010-2011","ny","Fillmore Csd","Mr. Martin D Cox"
"martin cox","4800064","2003","tx","Star Charter School","Martin Cox","3620340","2016-2020","ny","Clarkstown Csd","MARTIN COX"
"martin cox","4800064","2003","tx","Star Charter School","Martin Cox","3627120","2012-2015","ny","Sodus Csd","Mr. Martin D Cox"
"martin handler","4204050","2008-2012","pa","Brandywine Heights Area SD","MARTIN HANDLER","3623040","2013-2021","ny","Pine Plains Csd","Dr. Martin D Handler"
"marvin wade","1918720","2008-2015","ia","Marshalltown","Marvin Wade","2009180","2016-2018, 2021-2022","ks","Manhattan-Ogden","Wade, Marvin Dr"
"mary ann kahl","1703300","2003-2004","il","Alden Hebron School Dist 19","MARY ANN KAHL ","5515450","2015-2018","wi","Walworth J1 School District","Mary Ann Kahl"
"mary jones","3631800","2014-2019","ny","Wyandanch Ufsd","Dr. Mary Jones","1926730","2015-2016","ia","South Tama County Comm School District","Mary Jones"
"mary jones","4811700","2001-2007","tx","Brownwood Isd","Mary Jones","1926730","2015-2016","ia","South Tama County Comm School District","Mary Jones"
"mary jones","4811700","2001-2007","tx","Brownwood Isd","Mary Jones","3631800","2014-2019","ny","Wyandanch Ufsd","Dr. Mary Jones"
"mary marshall","4816180","2006-2007","tx","Daingerfield-Lone Star Isd","Mary Marshall","2612030","2011-2012","mi","Dexter","Mary Marshall"
"mary marshall","4816180","2006-2007","tx","Daingerfield-Lone Star Isd","Mary Marshall","2627840","2014-2015","mi","Pentwater","Mary Marshall"
"matt gordon","1733120","2017-2023","il","Rankin Csd 98","Dr. Matt Gordon","3100070","2021-2024","ne","Amherst Public Schools","Matt Gordon"
"matt smith","2012630","2022-2024","ks","Wakeeney","Matt Smith","4808700","2024","tx","Arlington Isd","Matt Smith"
"matthew block","3408820","2020-2024","nj","Livingston Twp","Matthew Block","3603180","2024","ny","Ardsley Ufsd","MATTHEW BLOCK"
"matthew curtis","904110","2012-2023","ct","Simsbury School District","matthew curtis","3904619","2014, 2018","oh","Graham Local","Matthew R. Curtis"
"matthew friedman","3411970","2023","nj","Ocean City","Matthew Friedman","4219890","2023-2024","pa","Quakertown Community SD","MATTHEW FRIEDMAN"
"matthew harris","4218660","2013-2024","pa","Penn-Trafford SD","MATTHEW HARRIS","630230","2019-2022","ca","Petaluma City Elementary","Matthew Harris"
"matthew harris","4218660","2013-2024","pa","Penn-Trafford SD","MATTHEW HARRIS","630250","2019-2022","ca","Petaluma Joint Union High","Matthew Harris"
"matthew miller","2627420","2008, 2011-2012, 2014-2015","mi","Parchment","Matthew Miller","3904549","2012-2015","oh","Mentor Exempted Village","Matthew J. Miller"
"matthew miller","2627420","2008, 2011-2012, 2014-2015","mi","Parchment","Matthew Miller","3904611","2016-2021","oh","Lakota Local","Matthew J. Miller"
"matthew robinson","2907020","2012-2024","mo","Cameron R-I","MATTHEW ROBINSON","3415750","2016-2017","nj","Stillwater Township School District","Matthew Robinson"
"matthew unger","2923310","2013-2015","mo","Otterville R-Vi","Matthew Unger","3904949","2022-2023","oh","Adena Local","Matthew C. Unger"
"matthew wendt","1903690","2008-2011","ia","Ankeny","Matthew Wendt","1730270","2012-2014","il","Oswego Cusd 308","Dr. Matthew Wendt"
"matthew wendt","1903690","2008-2011","ia","Ankeny","Matthew Wendt","506120","2016","ar","Fayetteville School District","Wendt, Matthew"
"matthew wendt","1730270","2012-2014","il","Oswego Cusd 308","Dr. Matthew Wendt","506120","2016","ar","Fayetteville School District","Wendt, Matthew"
"melinda moss","507380","2010-2014","ar","Harrison School District","MOSS, MENDY","2916350","2018-2022","mo","Joplin Schools","MELINDA MOSS"
"melissa brown","600042","2011-2014","ca","Warner Unified","Melissa Brown","1800098","2012, 2014-2017","in","In Connections Acad Virtual Pilot","Ms Melissa Brown"
"melissa brown","600042","2011-2014","ca","Warner Unified","Melissa Brown","1800191","2017","in","Indiana Connections Career Academy","Melissa Brown"
"melissa martin","2600181","2011","mi","Arbor Academy","Melissa Martin","4899133","2023","tx","Heritage Classical Academy","Melissa Martin"
"melissa moore","612210","2012-2021","ca","El Segundo Unf","Melissa Moore","504200","2018-2024","ar","Charleston School District","Moore, Melissa R."
"melissa ross","2600242","2008, 2011","mi","Old Redford","Melissa Ross","1800025","2022","in","Thea Bowman Leadership Academy","Melissa Ross"
"melissa ross","2600242","2008, 2011","mi","Old Redford","Melissa Ross","1800178","2022","in","Higher Institute Of Arts & Tech","Melissa Ross"
"melissa williams","3412990","2022-2024","nj","Pine Hill Boro","Dr. Melissa Williams","1303600","2023","ga","Mcintosh County","WILLIAMS,MELISSA H"
"meria carstarphen","4808940","2009-2013","tx","Austin Isd","Meria Carstarphen","1300120","2014-2019","ga","Atlanta Public Schools","MERIA CARSTARPHEN"
"michael alexander","1736090","2003","il","Shelbyville C U School Dist 4","DR MICHAEL ALEXANDER ","2610980","2011-2012","mi","Covert","Michael Alexander"
"michael bakalis","1800025","2014-2017","in","Thea Bowman Leadership Academy","Michael Bakalis","2601094","2015","mi","Great Lake Explorations Academy","Michael Bakalis"
"michael bennett","1800104","2017","in","Hancock Madison Shelby Ed Services","Michael Bennett","3612870","2022-2024","ny","Greenville Csd","MICHAEL BENNETT"
"michael brown","3100187","2017-2020","ne","Boyd County Schools","Michael Brown","1918240","2024","ia","East Mills Comm School District","Michael Brown"
"michael brown","3100187","2017-2020","ne","Boyd County Schools","Michael Brown","1926250","2024","ia","Sidney Comm School District","Michael Brown"
"michael carmean","3904823","2005-2006","oh","Washington Local","Michael W. Carmean","2630840","2011-2012, 2014-2015","mi","Sandusky","Michael Carmean"
"michael carter","4107280","2020-2023","or","Lake County SD 7","Michael Carter","4000766","2024","ok","Kipp Reach Coll (Charter)","Michael Carter"
"michael cox","624750","2018-2019","ca","Middletown Unified","Michael Cox","500045","2020-2024","ar","Rivercrest School District #57","Cox, Michael"
"michael cox","624750","2018-2019","ca","Middletown Unified","Michael Cox","5507590","2019","wi","Ladysmith School District","Michael Cox"
"michael cox","1707770","2003-2004","il","Bunker Hill C U School Dist 8","MICHAEL L COX ","500045","2020-2024","ar","Rivercrest School District #57","Cox, Michael"
"michael cox","1707770","2003-2004","il","Bunker Hill C U School Dist 8","MICHAEL L COX ","510950","2010-2014, 2016-2017","ar","Osceola School District","COX, MICHAEL H."
"michael cox","1707770","2003-2004","il","Bunker Hill C U School Dist 8","MICHAEL L COX ","5506270","2008-2010","wi","Hayward Community School District","Michael Cox"
"michael cox","1707770","2003-2004","il","Bunker Hill C U School Dist 8","MICHAEL L COX ","5507590","2019","wi","Ladysmith School District","Michael Cox"
"michael cox","1707770","2003-2004","il","Bunker Hill C U School Dist 8","MICHAEL L COX ","5508970","2013-2017","wi","Mellen School District","Michael Cox"
"michael cox","1707770","2003-2004","il","Bunker Hill C U School Dist 8","MICHAEL L COX ","5513980","2012-2015","wi","Solon Springs School District","Michael Cox"
"michael cox","1707770","2003-2004","il","Bunker Hill C U School Dist 8","MICHAEL L COX ","624750","2018-2019","ca","Middletown Unified","Michael Cox"
"michael davis","1300720","2005-2006","ga","Calhoun City","DAVIS, MICHAEL C.","3618080","2017-2019","ny","Madison Csd","MICHAEL DAVIS"
"michael davis","1300720","2005-2006","ga","Calhoun City","DAVIS, MICHAEL C.","4701680","2013-2022","tn","Hardin County","Mr. Michael Davis"
"michael davis","1300720","2005-2006","ga","Calhoun City","DAVIS, MICHAEL C.","4816080","2008-2020","tx","Cushing Isd","Michael Davis"
"michael davis","4701680","2013-2022","tn","Hardin County","Mr. Michael Davis","3618080","2017-2019","ny","Madison Csd","MICHAEL DAVIS"
"michael davis","4816080","2008-2020","tx","Cushing Isd","Michael Davis","3618080","2017-2019","ny","Madison Csd","MICHAEL DAVIS"
"michael davis","4816080","2008-2020","tx","Cushing Isd","Michael Davis","4701680","2013-2022","tn","Hardin County","Mr. Michael Davis"
"michael dean","500079","2016-2019","ar","Two Rivers School District","DEAN, MICHAEL","4800124","2020-2024","tx","Calvin Nelms Charter Schools","Michael Dean"
"michael ford","3622890","2010-2013","ny","Phelps-Clifton Springs Csd","Mr. Michael J Ford","4813380","2010, 2012","tx","Centerville Isd","Michael Ford"
"michael freeman","691037","2022","ca","Shasta County Office Of Education","Michael Freeman","507170","2023-2024","ar","Hackett School District","Freeman, Michael E."
"michael freeman","3700180","2012-2018","nc","Anson County Schools","Michael Freeman","507170","2023-2024","ar","Hackett School District","Freeman, Michael E."
"michael freeman","3700180","2012-2018","nc","Anson County Schools","Michael Freeman","691037","2022","ca","Shasta County Office Of Education","Michael Freeman"
"michael gaunt","2608880","2008","mi","Chassell Township","Michael Gaunt","5508730","2010-2013","wi","Marion School District","Michael Gaunt"
"michael gill","5101830","2015-2023","va","Hanover County","Dr. Michael Gill","3610590","2020-2023","ny","Elmira Heights Csd","MICHAEL GILL"
"michael gray","1712960","2003-2006","il","East Alton School District 13","MICHAEL D GRAY ","2905660","2008-2011","mo","Bowling Green R-I","MICHAEL GRAY"
"michael gray","1712960","2003-2006","il","East Alton School District 13","MICHAEL D GRAY ","2921330","2012-2020","mo","Montgomery Co. R-Ii","MICHAEL GRAY"
"michael harris","1710980","2003-2004","il","Coulterville Unit School Dist 1","MICHAEL W HARRIS ","2623310","2008, 2011-2012, 2014","mi","Mcbain","Michael Harris"
"michael harris","1710980","2003-2004","il","Coulterville Unit School Dist 1","MICHAEL W HARRIS ","3415420","2011-2017, 2019-2020","nj","Southampton Township School District","Michael Harris"
"michael harris","1710980","2003-2004","il","Coulterville Unit School Dist 1","MICHAEL W HARRIS ","4703030","2011","tn","Montgomery County","Mr. Michael Harris"
"michael harris","1710980","2003-2004","il","Coulterville Unit School Dist 1","MICHAEL W HARRIS ","4838220","2005-2006","tx","Royse City Isd","Michael Harris"
"michael harris","2623310","2008, 2011-2012, 2014","mi","Mcbain","Michael Harris","3415420","2011-2017, 2019-2020","nj","Southampton Township School District","Michael Harris"
"michael harris","2623310","2008, 2011-2012, 2014","mi","Mcbain","Michael Harris","4703030","2011","tn","Montgomery County","Mr. Michael Harris"
"michael harris","3415420","2011-2017, 2019-2020","nj","Southampton Township School District","Michael Harris","4703030","2011","tn","Montgomery County","Mr. Michael Harris"
"michael holland","512480","2007","ar","Sloan-Hendrix School Dist.","HOLLAND, MICHAEL","4819560","2011-2013","tx","Forney Isd","Michael Holland"
"michael hollingsworth","1725920","2003-2014, 2017-2022","il","Midlothian School Dist 143","MICHAEL A HOLLINGSWORTH ","2922560","2024","mo","Nodaway-Holt R-Vii","MICHAEL HOLLINGSWORTH"
"michael hunter","502550","2007-2009","ar","Armorel School District","HUNTER, MICHAEL L.","3410890","2020-2024","nj","Mount Ephraim Boro","Michael Hunter"
"michael johnson","1737350","2003-2006","il","Triad Comm Unit School Dist 2","DR MICHAEL JOHNSON ","3904362","2005-2015","oh","Bexley City","Michael L. Johnson"
"michael johnson","1737350","2003-2006","il","Triad Comm Unit School Dist 2","DR MICHAEL JOHNSON ","3904688","2017-2023","oh","Liberty Union-Thurston Local","Michael L. Johnson"
"michael johnson","1737350","2003-2006","il","Triad Comm Unit School Dist 2","DR MICHAEL JOHNSON ","4103690","2018, 2020-2023","or","Creswell SD 40","Michael Johnson"
"michael johnson","1737350","2003-2006","il","Triad Comm Unit School Dist 2","DR MICHAEL JOHNSON ","514500","2024","ar","Institute For The Creative Arts School","JOHNSON, MICHAEL B."
"michael johnson","1737350","2003-2006","il","Triad Comm Unit School Dist 2","DR MICHAEL JOHNSON ","5504050","2020-2024","wi","Eau Claire Area School District","Michael Johnson"
"michael johnson","4103690","2018, 2020-2023","or","Creswell SD 40","Michael Johnson","514500","2024","ar","Institute For The Creative Arts School","JOHNSON, MICHAEL B."
"michael johnson","4103690","2018, 2020-2023","or","Creswell SD 40","Michael Johnson","5504050","2020-2024","wi","Eau Claire Area School District","Michael Johnson"
"michael johnson","5504050","2020-2024","wi","Eau Claire Area School District","Michael Johnson","514500","2024","ar","Institute For The Creative Arts School","JOHNSON, MICHAEL B."
"michael jones","1811220","2010, 2012, 2014-2017","in","Switzerland County School Corp","Dr Elizabeth Tharp-Jones","3406600","2014-2017","nj","Hampton Borough School District","MICHAEL JONES"
"michael jones","1811220","2010, 2012, 2014-2017","in","Switzerland County School Corp","Dr Elizabeth Tharp-Jones","4816500","2022-2023","tx","Decatur Isd","Michael Jones"
"michael jones","1811220","2010, 2012, 2014-2017","in","Switzerland County School Corp","Dr Elizabeth Tharp-Jones","4824240","2013-2017","tx","Iola Isd","Michael Jones"
"michael jones","1811220","2010, 2012, 2014-2017","in","Switzerland County School Corp","Dr Elizabeth Tharp-Jones","4834290","2013-2022","tx","Paris Isd","Michael Jones"
"michael jones","1811220","2010, 2012, 2014-2017","in","Switzerland County School Corp","Dr Elizabeth Tharp-Jones","4845000","2010-2012","tx","West Hardin County Cisd","Michael Jones"
"michael jones","3406600","2014-2017","nj","Hampton Borough School District","MICHAEL JONES","4816500","2022-2023","tx","Decatur Isd","Michael Jones"
"michael kelly","4219920","2013-2015","pa","Radnor Township SD","MICHAEL KELLY","1737590","2021","il","Staunton Cusd 6","Mr. Michael J Kelly"
"michael kelly","4219920","2013-2015","pa","Radnor Township SD","MICHAEL KELLY","4843760","2018-2020","tx","Valley Mills Isd","Michael Kelly"
"michael kelly","4843760","2018-2020","tx","Valley Mills Isd","Michael Kelly","1737590","2021","il","Staunton Cusd 6","Mr. Michael J Kelly"
"michael kopakowski","3410020","2011-2013","nj","Middle Township Public Schools","Michael Kopakowski","4215900","2014-2017","pa","Morrisville Borough SD","MICHAEL KOPAKOWSKI"
"michael lucas","4223760","2014-2024","pa","Trinity Area SD","MICHAEL LUCAS","3178660","2019-2024","ne","Westside Community Schools","MICHAEL LUCAS"
"michael mccormick","691135","2013-2021","ca","Val Verde Unified","Michael McCormick","4212720","2021-2022","pa","Keystone SD","MICHAEL MCCORMICK"
"michael mccoy","3904776","2010-2018","oh","Oak Hill Union Local","Michael A. Mccoy","626490","2013-2015","ca","Muroc Joint Unified","Michael McCoy"
"michael mcmahon","3630270","2010, 2013","ny","Waverly Csd","Mr. Michael W McMahon","5512000","2024","wi","Port Washington-Saukville School District","Michael Mcmahon"
"michael meissen","1716830","2006-2011","il","Glenbard Twp Hsd 87","MICHAEL MEISSEN","2628560","2014-2015","mi","Plymouth-Canton","Michael Meissen"
"michael miller","1700115","2013-2014, 2017-2023","il","Henry-Senachwine Cusd 5","Mr. Michael S Miller","3609900","2023-2024","ny","East Quogue Ufsd","MICHAEL MILLER"
"michael miller","2923640","2004","mo","Meadow Heights R-Ii","MICHAEL MILLER","1700115","2013-2014, 2017-2023","il","Henry-Senachwine Cusd 5","Mr. Michael S Miller"
"michael miller","2923640","2004","mo","Meadow Heights R-Ii","MICHAEL MILLER","3609900","2023-2024","ny","East Quogue Ufsd","MICHAEL MILLER"
"michael mitchell","2600273","2014-2015","mi","Arts Academy In The Woods","Michael Mitchell","4220970","2020","pa","Schuylkill Valley SD","MICHAEL MITCHELL"
"michael murphy","2929100","2005-2016","mo","St. Clair R-Xiii","MICHAEL MURPHY","506420","2016-2022","ar","Fountain Lake School District","MURPHY, MICHAEL"
"michael murphy","2929100","2005-2016","mo","St. Clair R-Xiii","MICHAEL MURPHY","5100870","2010-2013","va","Clarke County","Dr. Michael F. Murphy"
"michael murphy","2929100","2005-2016","mo","St. Clair R-Xiii","MICHAEL MURPHY","5516410","2008-2010","wi","Westby Area School District","Michael Murphy"
"michael murphy","5100870","2010-2013","va","Clarke County","Dr. Michael F. Murphy","506420","2016-2022","ar","Fountain Lake School District","MURPHY, MICHAEL"
"michael murphy","5516410","2008-2010","wi","Westby Area School District","Michael Murphy","506420","2016-2022","ar","Fountain Lake School District","MURPHY, MICHAEL"
"michael murphy","5516410","2008-2010","wi","Westby Area School District","Michael Murphy","5100870","2010-2013","va","Clarke County","Dr. Michael F. Murphy"
"michael murray","2633360","2008, 2011-2012","mi","Suttons Bay","Michael Murray","3700153","2017-2022","nc","Cherokee Central Schools","Michael Murray"
"michael murray","2633360","2008, 2011-2012","mi","Suttons Bay","Michael Murray","3702340","2011-2016","nc","Jackson County Public Schools","Michael Murray"
"michael nitti","3404920","2011-2017, 2019-2022","nj","Ewing Township Public Schools","Michael Nitti","4204230","2023-2024","pa","Bristol Township SD","MICHAEL NITTI"
"michael o brien","3600017","2012","ny","Genesee Valley Csd","Mr. Michael O'Brien","4225740","2014-2017","pa","West Perry SD","MICHAEL O'BRIEN"
"michael perry","3702160","2012-2014","nc","Hertford County Schools","Michael Perry","5103980","2015-2023","va","Westmoreland County","Dr. Michael D. Perry"
"michael raso","1904860","2016-2019","ia","Bettendorf Comm School District","Michael Raso","5513830","2022-2024","wi","Shullsburg School District","Michael Raso"
"michael richards","3904575","2005-2012","oh","Allen East Local","Michael W. Richards","5101860","2019-2024","va","Harrisonburg ","Dr. Michael Richards"
"michael roberts","1725320","2013-2014","il","Mchenry Chsd 156","Dr. Michael L Roberts","1302790","2023","ga","Heard County","ROBERTS,MICHAEL SHANE"
"michael robinson","1304590","2022-2023","ga","Stewart County","Michael Robinson","4208580","2022-2024","pa","East Pennsboro Area SD","MICHAEL ROBINSON"
"michael robinson","5103520","2010-2015","va","Smyth County","Dr. Michael M. Robinson","1304590","2022-2023","ga","Stewart County","Michael Robinson"
"michael robinson","5103520","2010-2015","va","Smyth County","Dr. Michael M. Robinson","4208580","2022-2024","pa","East Pennsboro Area SD","MICHAEL ROBINSON"
"michael rustman","2918360","2003-2004","mo","Leeton R-X","MICHAEL RUSTMAN","1723160","2005-2014, 2017","il","Lisbon Comm Cons Sch Dist 90","MICHAEL RUSTMAN "
"michael scott","4842540","2009","tx","Texhoma Isd","Michael Scott","2923310","2011-2012","mo","Otterville R-Vi","Michael Scott"
"michael shimshak","1708340","2011-2014","il","Carbondale Esd 95","Mr. Michael Shimshak","5506870","2022-2024","wi","Iowa-Grant School District","Michael Shimshak"
"michael simeck","2605010","2008, 2011","mi","Berkley","Michael Simeck","1711980","2021-2023","il","Deerfield Sd 109","Mr. Michael V Simeck"
"michael simeck","2605010","2008, 2011","mi","Berkley","Michael Simeck","1721750","2012-2014, 2017-2020","il","Lake Forest Sd 67","Mr. Michael Simeck"
"michael simeck","2605010","2008, 2011","mi","Berkley","Michael Simeck","1721780","2012-2014, 2017-2020","il","Lake Forest Chsd 115","Mr. Michael Simeck"
"michael thomas","4215570","2008","pa","Monaca SD","Michael Thomas","1200450","2017-2022","fl","Dixie","THOMAS, MICHAEL"
"michael thompson","1724870","2004-2005","il","Marshall C U School Dist 2c","DR MICHAEL THOMPSON ","4825800","2007-2010","tx","Knippa Isd","Michael Thompson"
"michael turner","4810380","1992-1997","tx","Blanket Isd","Michael Turner","1808070","2010, 2012, 2014","in","North Vermillion Com Sch Corp","Mr Michael Turner"
"michael wallace","2632640","2008, 2011-2012","mi","St. Charles","Michael Wallace","2908430","2022-2024","mo","Chadwick R-I","MICHAEL WALLACE"
"michael wallace","2632640","2008, 2011-2012","mi","St. Charles","Michael Wallace","2911580","2019-2021","mo","Everton R-Iii","MICHAEL WALLACE"
"michael wallace","2632640","2008, 2011-2012","mi","St. Charles","Michael Wallace","2923370","2015-2018","mo","Thornfield R-I","Michael Wallace"
"michael wallace","4844820","2005-2006","tx","Weimar Isd","Michael Wallace","2632640","2008, 2011-2012","mi","St. Charles","Michael Wallace"
"michael wallace","4844820","2005-2006","tx","Weimar Isd","Michael Wallace","2908430","2022-2024","mo","Chadwick R-I","MICHAEL WALLACE"
"michael wallace","4844820","2005-2006","tx","Weimar Isd","Michael Wallace","2911580","2019-2021","mo","Everton R-Iii","MICHAEL WALLACE"
"michael wallace","4844820","2005-2006","tx","Weimar Isd","Michael Wallace","2923370","2015-2018","mo","Thornfield R-I","Michael Wallace"
"michael waters","2004800","2009-2015, 2021-2024","ks","Cimarron-Ensign","Waters, Mike","3100095","2016-2018","ne","Crete Public Schools","MIKE WATERS"
"michael white","4810440","2008-2012","tx","Bloomburg Isd","Michael White","509990","2018-2020","ar","Mount Ida School District","White, Michael"
"michael white","4810440","2008-2012","tx","Bloomburg Isd","Michael White","511220","2013-2014, 2016-2019","ar","Parkers Chapel School Dist.","WHITE, MICHAEL G."
"michael williams","1303480","2018-2023","ga","Madison County","WILLIAMS,MICHAEL HARRY","3103120","2019-2021","ne","Arcadia Public Schools","Michael Williams"
"michael williams","1303480","2018-2023","ga","Madison County","WILLIAMS,MICHAEL HARRY","3628890","2019-2020","ny","Tri-Valley Csd","MICHAEL WILLIAMS"
"michael williams","1724750","2006-2014","il","Maroa Forsyth Cusd 2","MICHAEL T WILLIAMS","1303480","2018-2023","ga","Madison County","WILLIAMS,MICHAEL HARRY"
"michael williams","1724750","2006-2014","il","Maroa Forsyth Cusd 2","MICHAEL T WILLIAMS","3103120","2019-2021","ne","Arcadia Public Schools","Michael Williams"
"michael williams","1724750","2006-2014","il","Maroa Forsyth Cusd 2","MICHAEL T WILLIAMS","3173440","2011-2014","ne","Maywood Public Schools","MICHAEL WILLIAMS"
"michael williams","1724750","2006-2014","il","Maroa Forsyth Cusd 2","MICHAEL T WILLIAMS","3175810","2015-2017","ne","Potter-Dix Public Schools","Michael Williams"
"michael williams","1724750","2006-2014","il","Maroa Forsyth Cusd 2","MICHAEL T WILLIAMS","3628890","2019-2020","ny","Tri-Valley Csd","MICHAEL WILLIAMS"
"michael wright","1726610","2003-2004","il","Morris School District 54","DR MICHAEL WRIGHT ","1916420","2004","ia","Laurens-Marathon Comm School District","Michael Wright"
"michelle smith","4828650","2003-2023","tx","Lytle Isd","Michelle Smith","1706060","2019-2023","il","Berwyn North Sd 98","Dr. Michelle Smith"
"mickey edwards","4031080","2019-2024","ok","Verden","Mickey Edwards","3602520","2021-2024","ny","Albion Csd","MICKEY EDWARDS"
"miguel hernandez","504890","2010-2012","ar","Danville School District","HERNANDEZ, MIGUEL","3406450","2016-2017","nj","Haledon Public School District","Miguel Hernandez"
"miguel hernandez","504890","2010-2012","ar","Danville School District","HERNANDEZ, MIGUEL","3412600","2016-2017, 2019-2020","nj","Passaic County Manchester Regional High School District","Miguel Hernandez"
"mike brown","623040","2008-2019","ca","Lucerne Elementary","Mike Brown","4703360","2011-2016","tn","Paris","Mr. Mike Brown"
"mike davis","4018390","2013-2023","ok","Lookeba Sickles","Mike Davis","4703600","2013-2016","tn","Robertson County","Mr. Mike Davis"
"mike davis","4018390","2013-2023","ok","Lookeba Sickles","Mike Davis","4821590","2024","tx","Granger Isd","Mike Davis"
"mike dominguez","4841670","2017-2021","tx","Stratford Isd","Mike Dominguez","2006390","2022-2024","ks","Garden City","Dr. Mike Dominguez"
"mike jones","4701230","2011-2021","tn","Fentress County","Mr. Mike Jones","1806100","2018-2024","in","Madison Area Ed Spec Srv Unit","Mike Jones"
"mike jones","4701230","2011-2021","tn","Fentress County","Mr. Mike Jones","4011430","2016-2024","ok","Fargo","Mike Jones"
"mike jones","4701230","2011-2021","tn","Fentress County","Mr. Mike Jones","4013080","2012-2015","ok","Gracemont","Mike Jones"
"mike scott","4100023","2012-2018, 2020-2021","or","Hillsboro SD 1J","Mike Scott","4800159","2015-2024","tx","Erath Excels Academy Inc","Johnny Scott"
"mike ward","1700113","2017-2023","il","Illini Central Cusd 189","Mr. Mike Ward","2011400","2017-2018, 2021-2022","ks","Satanta","Ward, Mark"
"millard house","4703030","2016-2019","tn","Montgomery County","Mr. Millard House","4823640","2021-2022","tx","Houston Isd","Millard House"
"milton thompson","1700110","2010-2011","il","North Chicago Sd 187","Mr. Milton Thompson","5512330","2013-2014","wi","Pulaski Community School District","Milton Thompson"
"misty slavic","4212840","2021-2023","pa","Kiski Area SD","MISTY SLAVIC","3603480","2024","ny","Auburn City Sd","MISTY SLAVIC"
"mylo miller","4000784","2015-2017","ok","Harding (Charter)","Mylo Miller","2008130","2018, 2021-2024","ks","South Barber","Miller, Mylo Dr"
"myron ballain","3170440","2001","ne","Fairbury Public Schools","MYRON BALLAIN","1931620","2004-2010","ia","Whiting Comm School District","Myron Ballain"
"nancy anderson","504860","2011-2014, 2016-2024","ar","Cutter-Morning Star Sch. Dist.","ANDERSON, NANCY C.","4000762","2014-2017","ok","Five-Star Ilc","Nancy Anderson"
"natalie thomas","2911910","2011-2013","mo","Farmington R-Vii","NATALIE THOMAS","4205760","2013-2014","pa","Cheltenham Township SD","NATALIE THOMAS"
"nettie collins hart","1732910","2008-2014","il","Proviso Twp Hsd 209","Dr Nettie Collins-Hart","2913830","2017-2024","mo","Hazelwood","NETTIE COLLINS-HART"
"nicholas brown","4810650","2007-2010","tx","Blum Isd","Nicholas Brown","1809180","2010","in","Porter Township School Corp","Mr Nicholas Brown"
"nicholas brown","4810650","2007-2010","tx","Blum Isd","Nicholas Brown","1809690","2018-2023","in","Merrillville Community School Corp","Nicholas Brown"
"nicholas ouellette","1921600","2012-2014","ia","Odebolt-Arthur","Nicholas Ouellette","5506690","2015-2024","wi","Hudson School District","Nicholas Ouellette"
"nicholas wahl","1719320","2005-2012","il","Hinsdale Twp H S Dist 86","DR NICHOLAS D WAHL ","1801200","2014-2017","in","Carmel Clay Schools","Nicholas Wahl"
"nicolas wade","1714100","2017-2020","il","Elmwood Park Cusd 401","Dr. Nicolas Wade","609480","2021-2022","ca","Columbia Union","Nicolas Wade"
"nora curry","4827570","2012-2015","tx","Lindsay Isd","Nora Curry","4004350","2018-2024","ok","Big Pasture","Nora Curry"
"p erik gundersen","3412510","2011-2017, 2019-2021","nj","Pascack Valley Regional High School District","Erik Gundersen","3628320","2021-2024","ny","Suffern Csd","P ERIK GUNDERSEN"
"pamela brown","3605850","2012-2013","ny","Buffalo City Sd","Dr. Pamela C Brown","4820610","2012-2017","tx","Gholson Isd","Pamela Brown"
"pamela campbell","3904552","2005-2006","oh","Montpelier Exempted Village","Pamela L. Campbell","2606990","2014-2015","mi","Columbia","Pamela Campbell"
"pamela morris","2600019","2008, 2011","mi","Superior Central","Pamela Morris","4822320","2011-2014","tx","Hamshire-Fannett Isd","Pamela Morris"
"patricia garcia","905190","2016-2019","ct","Windham School District","ms. patricia garcia","3611970","2020","ny","Geneva City Sd","PATRICIA GARCIA"
"patricia green","4217010","2008-2010","pa","North Allegheny SD","PATRICIA GREEN","2602820","2011-2012","mi","Ann Arbor","Patricia Green"
"patricia thompson","4800034","1998","tx","Academy Of Skills & Knowledge","Patricia Thompson","2905640","2011-2019","mo","Crawford Co. R-I","PATRICIA THOMPSON"
"patrick call","2006960","2009-2012","ks","Haven Public Schools","Call, Patrick","2900001","2014-2019","mo","Maries Co. R-Ii","Patrick Call"
"patrick hefflin","4211160","2010-2012","pa","School District","PATRICK HEFFLIN","619110","2015-2019","ca","Julian Union High","Patrick Hefflin"
"patrick kelley","600029","2010-2019","ca","Murrieta Valley Unified","Patrick Kelley","3604050","2011","ny","Bath Csd","Mr. Patrick M Kelley"
"patrick kelley","600029","2010-2019","ca","Murrieta Valley Unified","Patrick Kelley","4221540","2012-2014","pa","Shikellamy SD","Patrick Kelley"
"patrick kelley","3604050","2011","ny","Bath Csd","Mr. Patrick M Kelley","4221540","2012-2014","pa","Shikellamy SD","Patrick Kelley"
"patrick murphy","4824360","2015-2019","tx","Iredell Isd","Patrick Murphy","1726760","2022-2023","il","Morrisonville Cusd 1","Mr. Patrick Murphy"
"patrick murphy","4824360","2015-2019","tx","Iredell Isd","Patrick Murphy","1806630","2023-2024","in","Milan Community Schools","Patrick Murphy"
"patrick murphy","5100270","2010-2018","va","Arlington County","Dr. Patrick K. Murphy","1726760","2022-2023","il","Morrisonville Cusd 1","Mr. Patrick Murphy"
"patrick murphy","5100270","2010-2018","va","Arlington County","Dr. Patrick K. Murphy","1806630","2023-2024","in","Milan Community Schools","Patrick Murphy"
"patrick murphy","5100270","2010-2018","va","Arlington County","Dr. Patrick K. Murphy","4824360","2015-2019","tx","Iredell Isd","Patrick Murphy"
"patrick o donnell","3904808","2011-2015","oh","Indian Lake Local","Patrick J. O'Donnell","1912480","2019","ia","George-Little Rock Comm School District","Patrick O'Donnell"
"patrick sullivan","5508940","2009-2023","wi","Medford Area School District","Patrick Sullivan","3617220","2021-2024","ny","Liberty Csd","PATRICK SULLIVAN"
"patrick turner","4016720","2013-2024","ok","Krebs","Patrick Turner","4836180","2014-2017","tx","Quanah Isd","Patrick Turner"
"paul arnold","4826160","1990-1994","tx","La Marque Isd","Paul Arnold","603780","2008-2014","ca","Bangor Union Elementary","Paul Arnold"
"paul fregeau","1711850","2017-2020","il","Decatur Sd 61","Dr. Paul Fregeau","2912300","2022-2024","mo","Fox C-6","PAUL FREGEAU"
"paul fried","3410650","2011-2014","nj","Montville Township School District","Paul Fried","3631260","2015","ny","White Plains City Sd","Dr. Paul Fried"
"paul gausman","1926400","2008-2020","ia","Sioux City","Paul R. Gausman","3172840","2022-2023","ne","Lincoln Public Schools","Paul Gausman"
"paul hillyer","3105340","2005-2009","ne","Columbus Public Schools","PAUL HILLYER","4107080","2012-2018","or","Klamath Falls City Schools","Paul Hillyer"
"paul hillyer","3105340","2005-2009","ne","Columbus Public Schools","PAUL HILLYER","4111610","2022","or","South Umpqua SD 19","Paul Hillyer"
"paul johnson","3904368","2005","oh","Bucyrus City","Paul A. Johnson","4835370","2008, 2014-2015","tx","Port Aransas Isd","Paul Johnson"
"paul johnson","3904368","2005","oh","Bucyrus City","Paul A. Johnson","622560","2008","ca","Loomis Union Elementary","Paul Johnson"
"paul johnson","3904368","2005","oh","Bucyrus City","Paul A. Johnson","622830","2016-2022","ca","Los Gatos Union Elementary","Paul Johnson"
"paul johnson","3904368","2005","oh","Bucyrus City","Paul A. Johnson","624870","2009-2015","ca","Mill Valley Elementary","Paul Johnson"
"paul jones","1300090","2006-2007","ga","Atkinson County","JONES, PAUL L","3904903","2021-2023","oh","Wayne Trace Local","Paul R. Jones"
"paul kreutzer","5510470","2008-2010","wi","New Berlin School District","Paul Kreutzer","3616080","2011-2013","ny","Katonah-Lewisboro Ufsd","Mr. Paul Kreutzer"
"paul miller","3904964","2005-2006","oh","Valley Local","Paul F. Miller","604260","2010-2022","ca","Beardsley Elementary","Paul Miller"
"paul sellon","1913440","2005-2009","ia","Hamburg","Paul Sellon","3176400","2010-2012","ne","Santee Community Schools","PAUL SELLON"
"paul smith","4009810","2012","ok","Dewey","Paul Smith","2926430","2017-2019","mo","Richland R-Iv","PAUL SMITH"
"paul smith","4009810","2012","ok","Dewey","Paul Smith","901230","2016-2023","ct","East Hampton School District","mr. paul smith"
"pedro martinez","4838730","2015-2020","tx","San Antonio Isd","Pedro Martinez","1709930","2021-2023","il","City Of Chicago Sd 299","Mr. Pedro Martinez"
"peter dion","2626130","2008","mi","Novi","Peter Dion","3604080","2011-2012","ny","Bay Shore Ufsd","Mr. Peter Dion"
"philip ehrhardt","3904611","2005","oh","Lakota Local","Philip M. Ehrhardt","1705880","2007-2014, 2017-2018","il","Benjamin Sd 25","Dr Philip M Ehrhardt"
"philip harrison","1720350","2012-2013","il","Jamaica Cusd 12","Dr. Philip Harrison","1810900","2016-2024","in","Southwest Parke Com Sch Corp","Philip Harrison"
"philip harrison","1720350","2012-2013","il","Jamaica Cusd 12","Dr. Philip Harrison","2910380","2014-2019","mo","Crystal City 47","PHILIP HARRISON"
"phillip hall","4838520","1998-2001","tx","Saint Jo Isd","Phillip Hall","4012300","2018-2024","ok","Fort Towson","Phillip Hall"
"phillip price","3904437","2005-2011","oh","Mayfield City","Phillip G. Price","2600331","2008","mi","Taylor Exemplar Academy","Phillip Price"
"phillip price","3904437","2005-2011","oh","Mayfield City","Phillip G. Price","2601004","2014","mi","Starr Detroit Academy","Phillip Price"
"quintin shepherd","1917220","2015-2017","ia","Linn-Mar Comm School District","Quinton Shepherd","4834830","2024","tx","Pflugerville Isd","Quintin Shepherd"
"quintin shepherd","1917220","2015-2017","ia","Linn-Mar Comm School District","Quinton Shepherd","4844150","2018-2023","tx","Victoria Isd","Quintin Shepherd"
"ralph carter","507920","2014, 2016","ar","Jessieville School District","CARTER, RALPH","4823010","2024","tx","Hereford Isd","Ralph Carter"
"ralph carter","507920","2014, 2016","ar","Jessieville School District","CARTER, RALPH","4827630","2018-2023","tx","Lipan Isd","Ralph Carter"
"ralph ferrie","3626520","2011-2018","ny","Sewanhaka Central Hs District","Dr. Ralph P Ferrie","3411130","2020","nj","Neptune City","Dr. Ralph Ferrie"
"randy bridges","5103660","2010-2012","va","Stafford County","Dr. Randy L. Bridges","3700750","2020","nc","Chatham County Schools","Randy Bridges"
"randy bridges","5103660","2010-2012","va","Stafford County","Dr. Randy L. Bridges","3702640","2017","nc","Lexington City Schools","Randy Bridges"
"randy freeman","1931680","2004-2006","ia","Williamsburg Comm School District","Randy  Freeman","2011700","2009-2011","ks","Silver Lake","Freeman, Randy"
"randy freeman","3100006","2001-2003","ne","West Point Public Schools","RANDY FREEMAN","1931680","2004-2006","ia","Williamsburg Comm School District","Randy  Freeman"
"randy freeman","3100006","2001-2003","ne","West Point Public Schools","RANDY FREEMAN","2011700","2009-2011","ks","Silver Lake","Freeman, Randy"
"randy nelson","3174430","2001-2006","ne","Norfolk Public Schools","RANDY NELSON","5507530","2011-2019","wi","La Crosse School District","Randy Nelson"
"randy taylor","3904391","2015-2017","oh","East Liverpool City","Randy L. Taylor","1807140","2018-2023","in","Mooresville Con School Corp","Randy Taylor"
"raymond boccuti","4216860","2008-2015","pa","New Hope-Solebury SD","RAYMOND BOCCUTI","3411130","2021-2023","nj","Neptune City","Dr. Raymond J. Boccuti"
"raymond bryant","3629970","2010-2013","ny","Warwick Valley Csd","Dr. Raymond W Bryant","1304950","2021-2023","ga","Thomasville City","Raymond Bryant"
"raymond gualtieri","3609660","2010","ny","East Hampton Ufsd","Dr. Raymond D Gualtieri","4217010","2011-2015","pa","School District","RAYMOND GUALTIERI"
"rebecca rodocker","1930990","2004-2007","ia","West Liberty Comm School District","Rebecca Rodocker","1736180","2008-2012","il","Sherrard Cusd 200","Dr Rebecca Rodocker"
"rebecca stone","3618450","2011-2019, 2021","ny","Marathon Csd","Ms. Rebecca Stone","4700060","2019-2022","tn","Alcoa","Ms. Rebecca Stone"
"renee schuster","2928950","2008-2010","mo","Francis Howell R-Iii","RENEE' M SCHUSTER","1719290","2010-2012","il","Hinsdale Ccsd 181","Dr. Renee Schuster"
"richard basden","1907710","2008-2009","ia","Clinton","Richard Basden","2919260","2011-2015","mo","Louisiana R-Ii","RICHARD BASDEN"
"richard brockel","3612960","2010-2012","ny","Greenwood Lake Ufsd","Dr. Richard J Brockel","3400870","2015-2016","nj","Alpine Elementary School District","Richard Brockel"
"richard brockel","3612960","2010-2012","ny","Greenwood Lake Ufsd","Dr. Richard J Brockel","3407350","2014","nj","Hoboken Public School District","Richard Brockel"
"richard brockel","3612960","2010-2012","ny","Greenwood Lake Ufsd","Dr. Richard J Brockel","3414070","2019-2020","nj","Rochelle Park Twp","Richard Brockel"
"richard brockel","3612960","2010-2012","ny","Greenwood Lake Ufsd","Dr. Richard J Brockel","3415090","2024","nj","Somerville Boro","Richard  Brockel"
"richard cook","1705950","2003-2010","il","Benton Comm Cons Sch Dist 47","RICHARD COOK ","4824730","2005-2007","tx","Jefferson Isd","Richard Cook"
"richard fitzpatrick","3416560","2011-2017","nj","Upper Freehold Regional School District","Richard Fitzpatrick","609780","2012-2018","ca","Corning Union Elem","Richard Fitzpatrick"
"richard harris","2903270","2003-2007","mo","Ash Grove R-Iv","RICHARD HARRIS","4003450","2012","ok","Avant","Richard Harris"
"richard jones","3704830","2011","nc","Watauga County Schools","Richard Jones","4832010","2015-2017","tx","Murchison Isd","Richard Jones"
"richard martinez","4800118","2002","tx","Houston Gateway Academy","Richard Martinez","631320","2008-2019","ca","Pomona Unified","Richard Martinez"
"richard montgomery","500028","2011-2014","ar","Star City School District","MONTGOMERY, RICHARD","1903270","2023-2024","ia","Albia Comm School District","Richard Montgomery"
"richard noonan","4224790","2010-2014","pa","School District","RICHARD NOONAN","3401530","2019","nj","Berkeley Heights Twp","Dr. Richard Noonan"
"richard page","2921810","2006-2012","mo","Neosho R-V","RICHARD PAGE","506840","2011-2014, 2016-2018","ar","Gravette School District","PAGE, RICHARD"
"richard peters","1726250","2007-2008","il","Miller Twp Ccsd 210","Dr Richard M Peters","3904758","2018-2023","oh","Liberty Center Local","Richard A. Peters"
"richard peters","1726250","2007-2008","il","Miller Twp Ccsd 210","Dr Richard M Peters","5502910","2008-2009","wi","Crandon School District","Richard Peters"
"richard peters","5502910","2008-2009","wi","Crandon School District","Richard Peters","3904758","2018-2023","oh","Liberty Center Local","Richard A. Peters"
"richard reynolds","4822140","2006-2020, 2022","tx","Hallsburg Isd","Richard Reynolds","3904404","2021-2023","oh","Garfield Heights City Schools","Richard D. Reynolds"
"richard rose","4800193","2001, 2004, 2013-2016","tx","The Zoe Learning Academy","Richard Rose","3600006","2013","ny","Cherry Valley-Springfield Csd","Mr. Richard Rose"
"richard rose","4800193","2001, 2004, 2013-2016","tx","The Zoe Learning Academy","Richard Rose","3606300","2010-2011","ny","Canajoharie Csd","Mr. Richard G Rose"
"richard rose","4800193","2001, 2004, 2013-2016","tx","The Zoe Learning Academy","Richard Rose","3623130","2016","ny","Piseco Common Sd","RICHARD ROSE"
"richard rose","4800193","2001, 2004, 2013-2016","tx","The Zoe Learning Academy","Richard Rose","3624120","2016","ny","Raquette Lake Ufsd","RICHARD ROSE"
"richard spurling","904350","2007-2008","ct","Sterling School District","richard a. spurling","3703000","2012-2015","nc","Mitchell County Schools","Richard Spurling"
"richard stephens","3102820","2001-2004","ne","Boone Central Schools","RICHARD STEPHENS","4825230","2013-2024","tx","Keene Isd","Richard Stephens"
"richard weigel","2625560","2011-2012","mi","Niles","Richard Weigel","1809150","2014-2015","in","Portage Township Schools","Richard Weigel"
"rick schmitt","1735370","2003-2014, 2017-2021","il","Sandwich C U School Dist 430","RICK SCHMITT ","634380","2011-2013","ca","San Dieguito Union High","Rick Schmitt"
"rick schmitt","1735370","2003-2014, 2017-2021","il","Sandwich C U School Dist 430","RICK SCHMITT ","635130","2015-2017","ca","San Ramon Valley Unified","Rick Schmitt"
"rick smith","3700167","2014-2019","nc","Dps Education Services (Fka Div Prisons)","Rick Smith","4701800","2016","tn","Henderson County","Mr. Rick Smith"
"rob miller","1735310","2017-2020","il","Sandoval Cusd 501","Mr. Rob Miller","4004500","2018-2024","ok","Bixby","Rob Miller"
"robert anderson","1809990","2014-2017","in","Scott County School District 1","Robert Anderson","3612390","2019-2024","ny","Gowanda Csd","ROBERT ANDERSON"
"robert bray","3904590","2005-2010","oh","Alexander Local","Robert J. Bray","4834560","2021-2024","tx","Penelope Isd","Robert Bray"
"robert bruner","3103990","2001-2003","ne","Bennington Public Schools","ROBERT BRUNER","2923670","2005","mo","Pattonsburg R-Ii","ROBERT BRUNER"
"robert bruner","3103990","2001-2003","ne","Bennington Public Schools","ROBERT BRUNER","2929940","2006","mo","Tarkio R-I","ROBERT BRUNER"
"robert casteel","2916860","2011-2015","mo","Oregon-Howell R-Iii","ROBERT CASTEEL","509600","2016-2018","ar","Mccrory School District","Casteel, Robert"
"robert copeland","3413050","2011-2013","nj","Piscataway Township Schools","Robert Copeland","4214160","2015-2021","pa","Lower Merion SD","ROBERT COPELAND"
"robert copeland","3413050","2011-2013","nj","Piscataway Township Schools","Robert Copeland","4216410","2012-2014","pa","Neshaminy SD","ROBERT COPELAND"
"robert davis","506060","2010-2013","ar","Camden Fairview School Dist.","DAVIS, ROBERT L.","2600239","2011","mi","Detroit Service Learning Academy","Robert Davis"
"robert davis","506060","2010-2013","ar","Camden Fairview School Dist.","DAVIS, ROBERT L.","2600975","2014-2015","mi","Taylor International Academy","Robert Davis"
"robert dunn","1731290","2003-2005","il","Peotone C U Sch Dist 207u","DR ROBERT DUNN ","3904922","2014-2023","oh","Southeast Local","Robert C. Dunn"
"robert edwards","500065","2014, 2016-2020","ar","Lafayette County School District","EDWARDS, ROBERT","3608460","2020-2024","ny","Cortland City Sd","ROBERT EDWARDS"
"robert edwards","1201020","2013-2022","fl","Lafayette","EDWARDS, ROBERT","3608460","2020-2024","ny","Cortland City Sd","ROBERT EDWARDS"
"robert edwards","1201020","2013-2022","fl","Lafayette","EDWARDS, ROBERT","500065","2014, 2016-2020","ar","Lafayette County School District","EDWARDS, ROBERT"
"robert evans","1709180","2006","il","Central City Sd 133","ROBERT EVANS","1803210","2015-2019","in","Shelby Eastern Schools","Robert Evans"
"robert evans","1709180","2006","il","Central City Sd 133","ROBERT EVANS","509330","2009","ar","Mansfield School District","EVANS, ROBERT R."
"robert evans","1709180","2006","il","Central City Sd 133","ROBERT EVANS","513680","2011-2012","ar","Waldron School District","EVANS, ROBERT"
"robert fields","2906430","2003","mo","Cabool R-Iv","ROBERT FIELDS","1812880","2010, 2012, 2014-2021","in","Frankton-Lapel Community Schs","Mr Robert Fields"
"robert green","1710650","2011-2014, 2017-2018","il","Collinsville Cusd 10","Dr. Robert Green","1301740","2015-2019","ga","Dekalb County","Robert Green"
"robert green","1803990","2010","in","Greencastle Community Sch Corp","Dr Robert Green","1301740","2015-2019","ga","Dekalb County","Robert Green"
"robert green","1803990","2010","in","Greencastle Community Sch Corp","Dr Robert Green","1710650","2011-2014, 2017-2018","il","Collinsville Cusd 10","Dr. Robert Green"
"robert howard","1713770","2003","il","Comm Cons Sch Dist 59","ROBERT T HOWARD ","2922740","2003-2004","mo","North Callaway Co. R-I","ROBERT HOWARD"
"robert hudson","4845330","2013-2020","tx","Westphalia Isd","Robert Hudson","602220","2015-2019","ca","Alta Vista Elementary","Robert Hudson"
"robert hudson","4845330","2013-2020","tx","Westphalia Isd","Robert Hudson","611550","2021-2022","ca","Ducor Union Elementary","Robert Hudson"
"robert hughes","3629130","2014-2022","ny","Tully Csd","Mr. Robert J Hughes","1903750","2019-2020","ia","Aplington-Parkersburg Comm School District","Robert Hughes"
"robert hughes","3629130","2014-2022","ny","Tully Csd","Mr. Robert J Hughes","1913290","2019-2020, 2023-2024","ia","Grundy Center Comm School District","Robert Hughes"
"robert hunt","1705050","2021","il","Barrington Cusd 220","Dr. Robert Hunt","3904493","2022-2023","oh","Upper Arlington City","Robert W. Hunt"
"robert jackson","2008910","2009","ks","Logan","Jackson, Robert","3700840","2014-2019","nc","Edenton-Chowan Schools","Robert Jackson"
"robert johnson","1810640","2010","in","Southeast Dubois Co Sch Corp","Mr Robert Johnson","1301890","2012-2014","ga","Laurens County","ROBERT JOHNSON"
"robert johnson","1810640","2010","in","Southeast Dubois Co Sch Corp","Mr Robert Johnson","5100600","2010-2023","va","Campbell County","Dr. Robert Johnson"
"robert johnson","5100600","2010-2023","va","Campbell County","Dr. Robert Johnson","1301890","2012-2014","ga","Laurens County","ROBERT JOHNSON"
"robert mahon","1813050","2010, 2012, 2014-2017","in","Western Wayne Schools","Dr Robert Mahon","3409420","2012-2013","nj","Manasquan School District","Robert Mahon"
"robert mahon","1813050","2010, 2012, 2014-2017","in","Western Wayne Schools","Dr Robert Mahon","3415600","2011","nj","Spring Lake Heights School District","Robert Mahon"
"robert malito","1730450","2003","il","Township H S Dist 211","DR ROBERT MALITO ","2923580","2005-2010","mo","Parkway C-2","ROBERT MALITO"
"robert miller","1900021","2004-2010","ia","Okoboji Comm School District","Robert Miller","3600006","2010-2012","ny","Cherry Valley-Springfield Csd","Mr. Robert Miller"
"robert miller","1900021","2004-2010","ia","Okoboji Comm School District","Robert Miller","3610530","2018-2024","ny","Ellicottville Csd","Mr. Robert Miller"
"robert miller","1900021","2004-2010","ia","Okoboji Comm School District","Robert Miller","3614220","2013-2021","ny","Herkimer Csd","Mr. Robert J Miller"
"robert miller","1900021","2004-2010","ia","Okoboji Comm School District","Robert Miller","903240","2021-2023","ct","Oxford School District","dr. robert miller"
"robert morelan","5500045","2008-2010","wi","21st Century Preparatory School Agency","Robert Morelan","1725690","2011","il","Meridian Cusd 223","Dr. Robert Morelan"
"robert neu","2635310","2008","mi","Waterford","Robert Neu","4022770","2014-2015","ok","Oklahoma City","Robert Neu"
"robert phillips","4209480","2016-2019","pa","Exeter Township SD","ROBERT PHILLIPS","4823190","2021-2022","tx","Highland Isd","Robert Phillips"
"robert reed","2929100","2003-2004","mo","St. Clair R-Xiii","ROBERT REED","2005370","2014-2018, 2021-2022","ks","Cunningham","Reed, Robert"
"robert reed","2929100","2003-2004","mo","St. Clair R-Xiii","ROBERT REED","2007800","2024","ks","Hodgeman County","Robert Reed"
"robert reynolds","5513950","2008-2012","wi","Slinger School District","Robert Reynolds","2005610","2009-2018, 2021-2024","ks","Douglass Public Schools","Reynolds, Rob"
"robert richardson","5102610","2010-2013","va","New Kent County","Dr. Robert F Richardson","1707200","2017-2018","il","Brimfield Cusd 309","Mr. Robert Richardson"
"robert richardson","5102610","2010-2013","va","New Kent County","Dr. Robert F Richardson","1719660","2019-2023","il","Hoopeston Area Cusd 11","Mr. Robert Richardson"
"robert ross","509330","2010-2014, 2016-2017","ar","Mansfield School District","ROSS, ROBERT N.","4025500","2019-2022","ok","Rattan","Robert Ross"
"robert scott","3904812","2005-2021","oh","Avon Lake City","Robert D. Scott","1905790","2023-2024","ia","Burlington Comm School District","Robert Scott"
"robert smith","2613090","2008, 2011-2012, 2014-2015","mi","Elkton-Pigeon-Bay Port Laker","Robert Smith","1305430","2019-2023","ga","Ware County","SMITH,ROBERT LEE"
"robert smith","2613090","2008, 2011-2012, 2014-2015","mi","Elkton-Pigeon-Bay Port Laker","Robert Smith","2920550","2009-2020","mo","Maysville R-I","ROBERT SMITH"
"robert smith","2613090","2008, 2011-2012, 2014-2015","mi","Elkton-Pigeon-Bay Port Laker","Robert Smith","3905063","2009-2011","oh","Millcreek-West Unity Local","Robert A. Smith"
"robert smith","2920550","2009-2020","mo","Maysville R-I","ROBERT SMITH","1305430","2019-2023","ga","Ware County","SMITH,ROBERT LEE"
"robert smith","2920550","2009-2020","mo","Maysville R-I","ROBERT SMITH","3905063","2009-2011","oh","Millcreek-West Unity Local","Robert A. Smith"
"robert smith","4808580","1991-1997","tx","Aransas Pass Isd","Robert Smith","1305340","1999-2011","ga","Vidalia City","SMITH,ROBERT T"
"robert smith","4808580","1991-1997","tx","Aransas Pass Isd","Robert Smith","1305430","2019-2023","ga","Ware County","SMITH,ROBERT LEE"
"robert smith","4808580","1991-1997","tx","Aransas Pass Isd","Robert Smith","2613090","2008, 2011-2012, 2014-2015","mi","Elkton-Pigeon-Bay Port Laker","Robert Smith"
"robert smith","4808580","1991-1997","tx","Aransas Pass Isd","Robert Smith","2920550","2009-2020","mo","Maysville R-I","ROBERT SMITH"
"robert smith","4808580","1991-1997","tx","Aransas Pass Isd","Robert Smith","3904508","2005-2006","oh","Wickliffe City","Robert M. Smith"
"robert smith","4808580","1991-1997","tx","Aransas Pass Isd","Robert Smith","3905063","2009-2011","oh","Millcreek-West Unity Local","Robert A. Smith"
"robert spence","5501650","2013","wi","Brighton #1 School District","Robert Spence","1302400","2020-2023","ga","Glynn County","Robert Spence"
"robert stewart","3627960","2015-2020","ny","Brasher Falls Csd","Mr. Robert Stewart","5500180","2018-2024","wi","Alma School District","Robert Stewart"
"robert taylor","641280","2011-2022","ca","Walnut Valley Unified","Robert Taylor","3700390","2011-2019","nc","Bladen County Schools","Robert Taylor"
"robert taylor","1805790","2010, 2012, 2014-2017","in","Lebanon Community School Corp","Dr Robert Taylor","3700390","2011-2019","nc","Bladen County Schools","Robert Taylor"
"robert taylor","1805790","2010, 2012, 2014-2017","in","Lebanon Community School Corp","Dr Robert Taylor","641280","2011-2022","ca","Walnut Valley Unified","Robert Taylor"
"robert taylor","2912030","2003-2006","mo","Festus R-Vi","ROBERT TAYLOR","1805790","2010, 2012, 2014-2017","in","Lebanon Community School Corp","Dr Robert Taylor"
"robert taylor","2912030","2003-2006","mo","Festus R-Vi","ROBERT TAYLOR","3700390","2011-2019","nc","Bladen County Schools","Robert Taylor"
"robert taylor","2912030","2003-2006","mo","Festus R-Vi","ROBERT TAYLOR","641280","2011-2022","ca","Walnut Valley Unified","Robert Taylor"
"robert walker","2928710","2010-2016","mo","Southwest R-V","ROBERT WALKER","3416870","2014","nj","Wallkill Valley Regional High School District","Robert Walker"
"robert walker","2928710","2010-2016","mo","Southwest R-V","ROBERT WALKER","3904633","2023","oh","Felicity-Franklin Local","Robert T. Walker"
"robert walker","2928710","2010-2016","mo","Southwest R-V","ROBERT WALKER","4220100","2023-2024","pa","Red Lion Area SD","ROBERT WALKER"
"robert walker","3416870","2014","nj","Wallkill Valley Regional High School District","Robert Walker","3904633","2023","oh","Felicity-Franklin Local","Robert T. Walker"
"robert walker","3416870","2014","nj","Wallkill Valley Regional High School District","Robert Walker","4220100","2023-2024","pa","Red Lion Area SD","ROBERT WALKER"
"robert walker","3904633","2023","oh","Felicity-Franklin Local","Robert T. Walker","4220100","2023-2024","pa","Red Lion Area SD","ROBERT WALKER"
"robert williams","605240","2009-2013","ca","Black Oak Mine Unified","Robert Williams","502700","2011-2013","ar","Bald Knob School District","WILLIAMS, ROBERT"
"robert winter","1302400","2000-2004","ga","Glynn County","WINTER,ROBERT A","2011370","2009-2010","ks","Salina","Winter, Robert"
"robert winter","1302400","2000-2004","ga","Glynn County","WINTER,ROBERT A","3100016","2011-2015","ne","Grand Island Public Schools","ROBERT WINTER"
"robert winter","1302400","2000-2004","ga","Glynn County","WINTER,ROBERT A","3176470","2001-2003","ne","Scottsbluff Public Schools","ROBERT WINTER"
"robert winter","2011370","2009-2010","ks","Salina","Winter, Robert","3100016","2011-2015","ne","Grand Island Public Schools","ROBERT WINTER"
"robert young","3611970","2010-2011","ny","Geneva City Sd","Mr. Robert Young","2005760","2022","ks","Elk Valley","Robert Young"
"robert young","3611970","2010-2011","ny","Geneva City Sd","Mr. Robert Young","2005850","2011-2018","ks","Ellis","Young, Robert"
"robert young","4821750","2007-2012","tx","Greenwood Isd","Robert Young","2005760","2022","ks","Elk Valley","Robert Young"
"robert young","4821750","2007-2012","tx","Greenwood Isd","Robert Young","2005850","2011-2018","ks","Ellis","Young, Robert"
"robert young","4821750","2007-2012","tx","Greenwood Isd","Robert Young","2011610","2009-2010","ks","Wallace County Schools","Young, Robert"
"robert young","4821750","2007-2012","tx","Greenwood Isd","Robert Young","3611970","2010-2011","ny","Geneva City Sd","Mr. Robert Young"
"robin jones","3605820","2010","ny","Brushton-Moira Csd","Ms. Robin Jones","619890","2017-2020","ca","Kit Carson Union Elementary","Robin Jones"
"rodney green","2612420","2008, 2011-2012","mi","East China","Rodney Green","4205310","2012","pa","Central Bucks SD","Rodney Green"
"rodney green","2612420","2008, 2011-2012","mi","East China","Rodney Green","4222530","2008-2011","pa","Spring Cove SD","Rodney Green"
"ron johnson","631920","2008-2012","ca","Raymond-Knowles Union Elementary","Ron Johnson","3615390","2019-2024","ny","West Irondequoit Csd","RON JOHNSON"
"ron wilson","511340","2007-2014","ar","Perryville School District","WILSON, RON L.","2007020","2021-2024","ks","Hays","Ron Wilson"
"ron wilson","511340","2007-2014","ar","Perryville School District","WILSON, RON L.","2007110","2017-2018","ks","Herington","Wilson, Ron"
"ron wilson","511340","2007-2014","ar","Perryville School District","WILSON, RON L.","2618720","2011-2012","mi","Howell","Ron Wilson"
"ron wilson","2618720","2011-2012","mi","Howell","Ron Wilson","2007020","2021-2024","ks","Hays","Ron Wilson"
"ron wilson","2618720","2011-2012","mi","Howell","Ron Wilson","2007110","2017-2018","ks","Herington","Wilson, Ron"
"ronald heilmann","4816290","1993-1997","tx","Danbury Isd","Ronald Heilmann","5504050","2008-2011","wi","Eau Claire Area School District","Ronald Heilmann"
"ronald miller","1711350","2003-2007","il","Crystal Lake C C Sch Dist 47","RONALD R MILLER ","4826610","2015","tx","Lamesa Isd","Ronald Miller"
"ronald miller","1711350","2003-2007","il","Crystal Lake C C Sch Dist 47","RONALD R MILLER ","4835070","2003-2012","tx","Plainview Isd","Ronald Miller"
"ronald ross","3612720","2012-2013","ny","Greenburgh Csd","Mr. Ronald O Ross","1803240","2021-2022","in","Edinburgh Community School Corp","Ronald Ross"
"ronald smith","1716830","2005","il","Glenbard Twp H S Dist 87","DR RONALD SMITH ","3608160","2013","ny","Connetquot Csd","Dr. Ronald Smith"
"ronald smith","1716830","2005","il","Glenbard Twp H S Dist 87","DR RONALD SMITH ","3904583","2017-2023","oh","Mapleton Local","Ronald S. Smith"
"ronald smith","3608160","2013","ny","Connetquot Csd","Dr. Ronald Smith","3904583","2017-2023","oh","Mapleton Local","Ronald S. Smith"
"ronald walker","4832490","2001","tx","New Home Isd","Ronald Walker","2007890","2009-2013","ks","Geary County Schools","Walker, Ronald P."
"rosa atkins","5100780","2010-2021","va","Charlottesville ","Dr. Rosa S. Atkins","3703420","2022","nc","Northampton County Schools","Dr Rosa S Atkins"
"roy baker","3100088","2001-2009","ne","Norris School Dist 160","ROY BAKER","4826970","2003","tx","Lazbuddie Isd","Roy Baker"
"roy baker","3100088","2001-2009","ne","Norris School Dist 160","ROY BAKER","4845420","2004-2005","tx","Wheeler Isd","Roy Baker"
"roy montesano","3413590","2011","nj","Ramsey Public Schools","Roy Montesano","3605640","2018-2022","ny","Bronxville Ufsd","Dr. Roy R Montesano"
"roy montesano","3413590","2011","nj","Ramsey Public Schools","Roy Montesano","3613950","2012-2017","ny","Hastings-On-Hudson Ufsd","Dr. Roy R Montesano"
"roy rakszawski","3404470","2014-2017, 2019-2024","nj","Edgewater Park Township School District","Roy Rakszawski","4203240","2024","pa","Bellefonte Area SD","ROY RAKSZAWSKI"
"rustin clark","4004360","2015-2018","ok","Billings","Rustin Clark","2003430","2021-2024","ks","Argonia Public Schools","Dr. Rustin Clark"
"ryan cunningham","2627150","2011-2012, 2014-2015","mi","Ovid-Elsie","Ryan Cunningham","2009450","2022-2024","ks","Barber County North","Ryan Cunningham"
"samuel depaul","3704320","2009-2011","nc","Stanly County Schools","Samuel DePaul","1301380","2012-2015","ga","Colquitt County","SAMUEL DEPAUL"
"samuel king","1304410","2005-2011","ga","Rockdale County","KING, SAMUEL T","5102670","2012-2014","va","Norfolk ","Dr. Samuel T King"
"samuel light","1719960","2007-2012","il","Illini Bluffs Cusd 327","Samuel P Light","1303330","2015-2023","ga","Lincoln County","SAMUEL LIGHT"
"sandra dop","3162730","2005","ne","Phelps District R 4","SANDRA DOP","1911040","2007-2008","ia","Essexcomm School District","Sandra Dop"
"scott bailey","611110","2015-2019","ca","Desert Sands Unified","Scott Bailey","1910340","2023-2024","ia","River Valley Comm School District","Scott  Bailey"
"scott bowling","1802460","2014-2022","in","Crawfordsville Com Schools","J Bowling","3904617","2016-2018","oh","Brown Local","Scott M. Bowling"
"scott davis","3904676","2005-2006","oh","Olentangy Local","Scott M. Davis","4814600","2022-2023","tx","Colmesneil Isd","Scott Davis"
"scott davis","3904676","2005-2006","oh","Olentangy Local","Scott M. Davis","4815750","2018-2020","tx","Crosby Isd","Scott Davis"
"scott davis","3904676","2005-2006","oh","Olentangy Local","Scott M. Davis","4826610","2008-2011","tx","Lamesa Isd","Scott Davis"
"scott davis","3904676","2005-2006","oh","Olentangy Local","Scott M. Davis","4838360","2012-2017","tx","Rusk Isd","Scott Davis"
"scott king","4825790","1997-1999","tx","Klondike Isd","Scott King","4217580","2008-2014","pa","Northern Bedford County SD","SCOTT KING"
"scott rigg","2932440","2003","mo","Wyaconda C-1","SCOTT RIGG","1700102","2004","il","Brussels Comm Unit School Dist 42","SCOTT RIGG "
"scott smith","1801020","2022","in","Brownsburg Community School Corp","Scott Smith","2915600","2022-2024","mo","Jackson R-Ii","SCOTT SMITH"
"scott springston","2012510","2009-2011","ks","Valley Center Pub Sch","Springston, Scott","2923550","2013-2015","mo","Park Hill","SCOTT SPRINGSTON"
"scott spurgeon","1705640","2010","il","Belleville Twp Hsd 201","Dr. Scott D Spurgeon","2926670","2014-2022","mo","Riverview Gardens","Scott Spurgeon"
"scott taylor","3620970","2016-2024","ny","North Collins Csd","SCOTT TAYLOR","3416500","2022-2023","nj","Union Twp","Dr. Scott Taylor"
"shane gordon","514020","2014, 2016","ar","Westside School District","GORDON, SHANE","1700123","2023","il","Meridian Cusd 15","Dr. Shane Gordon"
"shane gordon","514020","2014, 2016","ar","Westside School District","GORDON, SHANE","1701417","2018-2021","il","Bluford Unit School District 318","Mr. Shane Gordon"
"sharon contreras","3628590","2011-2015","ny","Syracuse City Sd","Ms. Sharon Contreras","3701920","2016-2021","nc","Guilford County Schools","Sharon Contreras"
"sharon johnson","1723250","2003-2005","il","Litchfield C U School Dist 12","SHARON JOHNSON ","610320","2012-2016","ca","Curtis Creek Elem","Sharon Johnson"
"sharon smith","629340","2008","ca","Pacific Elementary","Sharon Smith","3617970","2012-2024","ny","Lyndonville Csd","Mr. Jason Smith"
"sharon smith","3904888","2006-2009","oh","West Muskingum Local","Sharon L. Smith","3617970","2012-2024","ny","Lyndonville Csd","Mr. Jason Smith"
"sharon smith","3904888","2006-2009","oh","West Muskingum Local","Sharon L. Smith","629340","2008","ca","Pacific Elementary","Sharon Smith"
"sharon weir","4800026","2002-2004","tx","Seashore Learning Ctr Cha","Sharon Weir","600134","2008-2018","ca","Sbe -  New West Charter Middle","Sharon Weir"
"shawn olson","2618360","2011-2012","mi","Hillman","Shawn Olson","1721270","2019-2020","il","Kirby Sd 140","Dr. Shawn M Olson"
"shawn wightman","2623040","2014-2015","mi","Marysville","Shawn Wightman","3624990","2024","ny","Roosevelt Ufsd","SHAWN WIGHTMAN"
"sheila perry","2905250","2003-2008","mo","Bloomfield R-Xiv","SHEILA PERRY","602360","2016-2022","ca","Alview-Dairyland Union Elementary","Sheila Perry"
"sherri edmundson","3100179","2015-2019","ne","Humboldt Table Rock Steinauer","Sherri Edmundson","2004790","2022-2023","ks","Cheylin","Sherri Edmundson"
"sherry mcmasters","2910200","2017-2020","mo","Couch R-I","SHERRY MCMASTERS","500070","2019-2020","ar","Cedar Ridge School District","McMasters, Sherry"
"stacy johnson","5102120","2015","va","King William County","Mrs. Stacy B. Johnson","4809410","2021-2024","tx","Banquete Isd","Stacy Johnson"
"stanley stratton","2914250","2008, 2019-2020","mo","Dunklin R-V","STANLEY STRATTON","508400","2019-2024","ar","Riverview School District","Stratton, Stan"
"stanley williams","500029","2007-2008","ar","Gosnell School District","WILLIAMS, STANLEY R.","4031590","2012-2014","ok","Wapanucka","Stanley Williams"
"stanton lawrence","4845960","1998-1999","tx","Wilmer-Hutchins Isd","Stanton Lawrence","2922650","2010-2013","mo","Normandy","Stanton Lawrence"
"stephen daeschner","1741690","2007-2008","il","Indian Prairie Cusd 204","Stephen Daeschner","1803940","2010","in","Greater Clark County Schools","Dr Stephen Daeschner"
"stephen fisher","1807440","2010, 2012, 2014-2017","in","New Castle Community Sch Corp","Mr Stephen Fisher","3700900","2014-2022","nc","Cleveland County Schools","Stephen Fisher"
"stephen murley","1914700","2010-2019","ia","Iowa City","Stephen  Murley","5505820","2020-2021","wi","Green Bay Area Public School District","Stephen Murley"
"stephen price","3904440","2005-2007","oh","Middletown City","Stephen C. Price","2913830","2011-2012","mo","Hazelwood","STEPHEN PRICE"
"stephen thompson","2930600","2003-2012","mo","Union Star R-Ii","STEPHEN THOMPSON","3904510","2010-2020","oh","Willoughby-Eastlake City","Stephen L. Thompson"
"stephen thompson","2930600","2003-2012","mo","Union Star R-Ii","STEPHEN THOMPSON","3904528","2007-2009","oh","Chagrin Falls Exempted Village","Stephen L. Thompson"
"stephen thompson","2930600","2003-2012","mo","Union Star R-Ii","STEPHEN THOMPSON","3904621","2005-2006","oh","West Liberty-Salem Local","Stephen L. Thompson"
"steve goodman","1704440","2003-2004","il","Astoria Comm Unit Sch Dist 1","STEVE GOODMAN ","4842930","2023-2024","tx","Tom Bean Isd","Steve Goodman"
"steve smith","5501500","2008-2012","wi","Boscobel Area School District","Steve Smith","1300440","2015-2021","ga","Bleckley County","STEVE SMITH"
"steve smith","5501500","2008-2012","wi","Boscobel Area School District","Steve Smith","1305730","2009-2014","ga","Wilcox County","STEVE SMITH"
"steve wilmoth","1303300","2001-2006","ga","Liberty County","WILMOTH,STEVE E.","2927900","2011, 2013-2014","mo","Seneca R-Vii","STEVE WILMOTH"
"steven hill","3700360","2016","nc","Bertie County Schools","Steven Hill","5515870","2018-2024","wi","Waupun School District","STEVEN HILL"
"steven johnson","4830810","2004-2022","tx","Miller Grove Isd","Steven Johnson","1725260","2014","il","Mcclellan Ccsd 12","Mr. Steven K Johnson"
"steven johnson","4830810","2004-2022","tx","Miller Grove Isd","Steven Johnson","1733120","2010-2013","il","Rankin Csd 98","Mr. Steven K Johnson"
"steven johnson","4830810","2004-2022","tx","Miller Grove Isd","Steven Johnson","5514490","2008-2009","wi","Stevens Point Area School District","Steven Johnson"
"steven johnson","4830810","2004-2022","tx","Miller Grove Isd","Steven Johnson","5515900","2010","wi","Wausau School District","Steven Johnson"
"steven keller","600032","2008-2020","ca","Redondo Beach Unified","Steven Keller","3910030","2011","oh","Celina City","Steven L. Keller"
"steven rose","508730","2011-2014, 2016-2021","ar","Lavaca School District","ROSE, STEVEN B.","3904981","2011-2023","oh","Russia Local","Steven J. Rose"
"steven skalka","2612420","2014-2015","mi","East China","Steven Skalka","4213590","2017-2019","pa","Lewisburg Area SD","Steven Skalka"
"steven triplett","1911340","2004-2007","ia","Fairfield Comm School District","Steve Triplett","2927830","2019-2022","mo","Sedalia 200","Steven Triplett"
"steven watkins","504980","2017-2024","ar","Decatur School District","Watkins, Steven","3905054","2023","oh","Dalton Local","Steven R. Watkins"
"stewart weinberg","2917820","2003-2004","mo","Ladue","STEWART WEINBERG","4207230","2008-2011","pa","Dallastown Area SD","STEWART WEINBERG"
"susan johnson","3614130","2013-2015, 2024","ny","Hempstead Ufsd","Ms. Susan Johnson","2913650","2015-2024","mo","Hannibal 60","Susan Johnson"
"tawana grover","3100016","2016-2021","ne","Grand Island Public Schools","Tawana Grover","1906540","2023-2024","ia","Cedar Rapids Comm School District","Tawana Grover"
"teresa ragsdale","507410","2010-2014","ar","Hartford School District","RAGSDALE, TERESA F.","605010","2022","ca","Big Valley Joint Unified","Teresa Ragsdale"
"teresa russell","4701770","2012-2015","tn","Haywood County","Ms. Teresa Russell","4820520","2023-2024","tx","Gause Isd","Teresa Russell"
"terrence scandrett","2916230","2003","mo","Jefferson Co. R-Vii","TERRENCE SCANDRETT","1700103","2006-2011","il","New Holland-Middletown Ed 88","TERRENCE G SCANDRETT"
"terry barker","1733870","2003-2005","il","River Trails School Dist 26","DR TERRY E BARKER ","1811910","2010","in","Union-North United School Corp","Dr Terry Barker"
"terry hamilton","4835340","2001-2007, 2009","tx","Poolville Isd","Terry Hamilton","2923760","2008, 2011-2019","mo","North Pemiscot Co. R-I","TERRY HAMILTON"
"terry hazard","1931920","2004-2007","ia","Woodbine Comm School District","Terry L Hazard","3105280","2008-2011","ne","Cody-Kilgore Public Schs","TERRY HAZARD"
"terry hazard","1931920","2004-2007","ia","Woodbine Comm School District","Terry L Hazard","3172210","2009-2011","ne","Hyannis Area Schools","TERRY HAZARD"
"terry hemann","5509660","2008-2010","wi","Mineral Point School District","Terry Hemann","1926910","2011-2020, 2023-2024","ia","Spencer","Terry Hemann"
"terry martin","3904517","2006-2013","oh","Zanesville City","Terry M. Martin","4111970","2021-2023","or","Sweet Home SD 55","Terry Martin"
"terry stevens","4011430","2012-2015","ok","Fargo","Terry Stevens","4807500","2024","tx","Adrian Isd","Terry Stevens"
"terry stevens","4011430","2012-2015","ok","Fargo","Terry Stevens","4816320","2022","tx","Darrouzett Isd","Terry Stevens"
"terry stevens","4011430","2012-2015","ok","Fargo","Terry Stevens","4822850","2017-2018","tx","Hedley Isd","Terry Stevens"
"terry wolfe","623820","2008","ca","Maricopa Unified","Terry Wolfe","2908490","2011","mo","Osage Co. R-I","TERRY WOLFE"
"terry zink","4810830","2012-2015","tx","Booker Isd","Terry Zink","4008940","2022-2023","ok","Coyle","Terry Zink"
"theresa rouse","619680","2010-2013","ca","King City Union","Theresa Rouse","1720580","2017-2023","il","Joliet Psd 86","Dr. Theresa R Rouse"
"thomas anderson","2905820","2008-2009","mo","Braymer C-4","THOMAS ANDERSON","901260","2023","ct","East Hartford School District","thomas anderson"
"thomas anderson","4838970","1993-1995","tx","San Marcos Cons Isd","Thomas Anderson","2905820","2008-2009","mo","Braymer C-4","THOMAS ANDERSON"
"thomas anderson","4838970","1993-1995","tx","San Marcos Cons Isd","Thomas Anderson","901260","2023","ct","East Hartford School District","thomas anderson"
"thomas bailey","3100011","2015-2017","ne","Broken Bow Public Schools","Thomas Bailey","3910011","2016-2023","oh","Washington Court House City","Thomas S. Bailey"
"thomas bailey","4703240","2011","tn","Oak Ridge","Dr. Thomas Bailey","3100011","2015-2017","ne","Broken Bow Public Schools","Thomas Bailey"
"thomas bailey","4703240","2011","tn","Oak Ridge","Dr. Thomas Bailey","3910011","2016-2023","oh","Washington Court House City","Thomas S. Bailey"
"thomas challender","2929470","2009-2010","mo","Stet R-Xv","Thomas Challender","1301920","2011-2013","ga","Early County","THOMAS CHALLENDER"
"thomas cox","505500","2007-2010","ar","Dumas School District","COX, THOMAS H.","3617970","2011","ny","Lyndonville Csd","Mr. Thomas Cox"
"thomas cox","505500","2007-2010","ar","Dumas School District","COX, THOMAS H.","3618960","2016","ny","Medina Csd","THOMAS COX"
"thomas cox","505500","2007-2010","ar","Dumas School District","COX, THOMAS H.","3621450","2015","ny","Dalton-Nunda Csd (Keshequa)","Mr. Thomas A Cox"
"thomas cox","505500","2007-2010","ar","Dumas School District","COX, THOMAS H.","3629940","2012","ny","Warsaw Csd","Mr. Thomas Cox"
"thomas forcella","901800","2007-2010","ct","Guilford School District","thomas a. forcella","3700720","2011-2015","nc","Chapel Hill-Carrboro City Schools","Thomas Forcella"
"thomas hagler","4843470","1992-1995","tx","Tyler Isd","Thomas Hagler","1303240","2006","ga","Lanier County","HAGLER, THOMAS E."
"thomas hagler","4843470","1992-1995","tx","Tyler Isd","Thomas Hagler","1303390","1999-2001","ga","Lowndes County","HAGLER, THOMAS E"
"thomas hoskins","4845690","1994-1995","tx","Whitharral Isd","Thomas Hoskins","640680","2019-2022","ca","Vallecito Union","Thomas Hoskins"
"thomas hunter","1804080","2010, 2012, 2014-2024","in","Greensburg Community Schools","Mr Tom Hunter","4811640","2016-2018","tx","Brownsboro Isd","Thomas Hunter"
"thomas hunter","1804080","2010, 2012, 2014-2024","in","Greensburg Community Schools","Mr Tom Hunter","4838400","2012-2015","tx","S And S Cisd","Thomas Hunter"
"thomas jones","4842810","1998-2007","tx","Tidehaven Isd","Thomas Jones","636780","2017","ca","Sierra-Plumas Joint Unified","Thomas Jones"
"thomas knight","4203510","2008-2010","pa","Bethel Park SD","THOMAS KNIGHT","4819170","2022","tx","Ferris Isd","Thomas Knight"
"thomas little","3705070","2009-2010","nc","Yancey County Schools","Thomas Little","1808820","2010, 2012, 2014-2016","in","M S D Perry Township","Dr Thomas Little"
"thomas long","4832970","1990-2008","tx","North Hopkins Isd","Thomas Long","1736810","2004-2008","il","Burbank School District 111","DR THOMAS R LONG  "
"thomas moore","904920","2014-2021","ct","West Hartford School District","mr. thomas moore","1728530","2022-2023","il","Niles Twp Hsd 219","Mr. Thomas Moore"
"thomas palmer","3628890","2010-2018","ny","Tri-Valley Csd","Mr. Thomas W Palmer","2623910","2014","mi","Millington","Thomas Palmer"
"thomas parker","2612930","2014-2015","mi","Ecorse","Thomas Parker","4202280","2017-2020","pa","Allentown City SD","THOMAS PARKER"
"thomas phillips","4819740","1990-2003","tx","Franklin Isd","Thomas Phillips","3630240","2010-2017","ny","Watkins Glen Csd","Mr. Thomas J Phillips"
"thomas price","1301410","1999-2006","ga","Columbia County","PRICE,THOMAS A","4808230","2005","tx","Anderson-Shiro Cisd","Thomas Price"
"thomas price","1301410","1999-2006","ga","Columbia County","PRICE,THOMAS A","4810710","2017-2023","tx","Boerne Isd","Thomas Price"
"thomas price","1301410","1999-2006","ga","Columbia County","PRICE,THOMAS A","4839630","2006","tx","Sealy Isd","Thomas Price"
"thomas price","1301410","1999-2006","ga","Columbia County","PRICE,THOMAS A","4841070","2007-2011","tx","Splendora Isd","Thomas Price"
"thomas smith","3407530","2011-2017, 2019-2021","nj","Hopewell Valley Regional School District","Thomas Smith","4218840","2021-2024","pa","Pennsbury SD","THOMAS SMITH"
"thomas taylor","1804350","2014-2017","in","Hanover Community School Corp","Thomas Taylor","5103660","2022-2023","va","Stafford County Public Schools","Dr. Thomas W Taylor"
"thomas taylor","3904759","2010-2016","oh","Patrick Henry Local","Thomas L. Taylor","1804350","2014-2017","in","Hanover Community School Corp","Thomas Taylor"
"thomas taylor","3904759","2010-2016","oh","Patrick Henry Local","Thomas L. Taylor","5103660","2022-2023","va","Stafford County Public Schools","Dr. Thomas W Taylor"
"thomas tucker","2913800","2010-2013","mo","Hayti R-Ii","THOMAS TUCKER","3904426","2012-2013","oh","Lorain City","Thomas E. Tucker"
"thomas tucker","2913800","2010-2013","mo","Hayti R-Ii","THOMAS TUCKER","3904467","2014-2016","oh","Princeton City","Thomas S. Tucker"
"thomas tucker","2913800","2010-2013","mo","Hayti R-Ii","THOMAS TUCKER","3904513","2011-2013","oh","Worthington City","Thomas S. Tucker"
"thomas tucker","2913800","2010-2013","mo","Hayti R-Ii","THOMAS TUCKER","3904565","2015","oh","Wellington Exempted Village","Thomas E. Tucker"
"thomas white","4702580","2011-2012","tn","Madison County","Mr. Thomas White","2600986","2014-2015","mi","American International Academy","Thomas White"
"tiffany anderson","2916290","2013-2016","mo","Jennings","TIFFANY ANDERSON","2012260","2016-2018, 2021-2024","ks","Topeka Public Schools","Anderson, Tiffany Dr"
"tim smith","1732670","2006-2014, 2017-2020","il","Princeton Esd 115","TIM SMITH","625980","2008-2010","ca","Mother Lode Union Elementary","Tim Smith"
"tim taylor","691002","2010-2016","ca","Butte County Office Of Education","Tim Taylor","2929910","2015-2016","mo","Taneyville R-Ii","TIM TAYLOR"
"tim wilson","2608070","2014-2015","mi","Carrollton","Tim Wilson","4105760","2017-2018, 2020","or","Central Curry SD 1","Tim Wilson"
"timothy glover","638640","2012","ca","Sweetwater Union High","Timothy Glover","4828590","2012-2017","tx","Luling Isd","Timothy Glover"
"timothy glover","638640","2012","ca","Sweetwater Union High","Timothy Glover","4843320","2018-2021","tx","Tulia Isd","Timothy Glover"
"timothy hoffman","3174200","2001-2002","ne","Conestoga Public Schools","TIMOTHY HOFFMAN","1903150","2004-2007","ia","Adel-Desoto-Minburn Comm School District","Timothy G. Hoffman"
"timothy rehm","3608430","2010-2012","ny","Cornwall Csd","Mr. Timothy J Rehm","3407710","2016-2017, 2019-2024","nj","Island Heights School District","Timothy Rehm"
"timothy rehm","3608430","2010-2012","ny","Cornwall Csd","Mr. Timothy J Rehm","3410710","2014-2015","nj","Moorestown Township Public School District","Timothy Rehm"
"timothy ricker","1707290","2006-2010","il","Lemont-Bromberek Csd 113a","DR TIMOTHY A RICKER","2926850","2022","mo","Rockwood R-Vi","TIMOTHY RICKER"
"timothy ryan","2906120","2016-2024","mo","Dallas Co. R-I","TIM RYAN","3603810","2016-2024","ny","Bainbridge-Guilford Csd","TIMOTHY RYAN"
"timothy scott","4212840","2015-2020","pa","Kiski Area SD","TIMOTHY SCOTT","1301620","2018-2023","ga","Dalton Public Schools","SCOTT,TIMOTHY DAVID"
"timothy shafer","3100011","2001-2009","ne","Broken Bow Public Schools","TIMOTHY SHAFER","2003180","2010-2011","ks","Abilene","Shafer, Tim"
"timothy smith","611760","2013","ca","Earlimart Elementary","Timothy Smith","1200510","2021-2022","fl","Escambia","SMITH, TIMOTHY"
"timothy smith","611760","2013","ca","Earlimart Elementary","Timothy Smith","1800150","2018-2019","in","Anderson Community School Corp","Timothy Smith"
"timothy smith","611760","2013","ca","Earlimart Elementary","Timothy Smith","1803300","2014","in","Elwood Community School Corp","Timothy Smith"
"timothy taylor","1903540","2010-2017","ia","Ames","Timothy Taylor","1801050","2018-2024","in","Brownstown Cnt Com Sch Corp","Tim Taylor"
"timothy taylor","1903540","2010-2017","ia","Ames","Timothy Taylor","1804800","2016-2017","in","Jac-Cen-Del Community Sch Corp","Timothy Taylor"
"timothy taylor","2914550","2007-2014","mo","Hollister R-V","TIMOTHY TAYLOR","1801050","2018-2024","in","Brownstown Cnt Com Sch Corp","Tim Taylor"
"timothy taylor","2914550","2007-2014","mo","Hollister R-V","TIMOTHY TAYLOR","1804800","2016-2017","in","Jac-Cen-Del Community Sch Corp","Timothy Taylor"
"timothy taylor","2914550","2007-2014","mo","Hollister R-V","TIMOTHY TAYLOR","1903540","2010-2017","ia","Ames","Timothy Taylor"
"timothy williams","3904908","2011-2023","oh","Logan Elm Local","Timothy L. Williams","4226130","2017","pa","Westmont Hilltop SD","Timothy Williams"
"timothy williams","3904908","2011-2023","oh","Logan Elm Local","Timothy L. Williams","4226850","2018-2021","pa","York Suburban SD","Timothy Williams"
"timothy williams","4800122","1999, 2001-2009","tx","Houston H S For Business","Timothy Williams","3904908","2011-2023","oh","Logan Elm Local","Timothy L. Williams"
"timothy williams","4800122","1999, 2001-2009","tx","Houston H S For Business","Timothy Williams","4226130","2017","pa","Westmont Hilltop SD","Timothy Williams"
"timothy williams","4800122","1999, 2001-2009","tx","Houston H S For Business","Timothy Williams","4226850","2018-2021","pa","York Suburban SD","Timothy Williams"
"tina bennett","614040","2009-2010","ca","Forks Of Salmon Elementary","Tina Bennett","1801920","2018-2024","in","Clarksville Community School Corp","Tina Bennett"
"todd martin","3705040","2013-2022","nc","Yadkin County Schools","Todd Martin","1904380","2014-2017","ia","Baxter Comm School District","Todd Martin"
"todd martin","3705040","2013-2022","nc","Yadkin County Schools","Todd Martin","1925320","2019-2020, 2023-2024","ia","Saydel Comm School District","Todd Martin"
"todd meyer","1914160","2019-2020","ia","Hinton Comm School District","Todd Meyer","3904676","2022-2023","oh","Olentangy Local","Todd R. Meyer"
"todd smith","4809200","2020-2024","tx","Azle Isd","Todd Smith","2925140","2023-2024","mo","Pike Co. R-Iii","Todd Smith"
"todd white","4839210","2020-2024","tx","Santa Anna Isd","Thomas White","2916450","2022","mo","Kearney R-I","TODD WHITE"
"todd wilson","4813890","2015-2020","tx","Chillicothe Isd","Todd Wilson","4025410","2019-2023","ok","Quinton","Todd Wilson"
"tom ward","2915510","2003","mo","Iron Co. C-4","TOM WARD","1908070","2014-2015","ia","Coon Rapids-Bayard Comm School District","Tom Ward"
"tommy turner","4830810","1990-2003","tx","Miller Grove Isd","Tommy Turner","4003660","2019-2024","ok","Battiest","Tommy Turner"
"toni jones","5101290","2011-2015","va","Falls Church ","Dr. Toni Jones","901530","2017-2018","ct","Fairfield School District","dr. toni jones"
"toni jones","5101290","2011-2015","va","Falls Church ","Dr. Toni Jones","901710","2019-2023","ct","Greenwich School District","dr. toni jones"
"tony tipton","3705070","2011-2017","nc","Yancey County Schools","Tony Tipton","4813530","2020-2023","tx","Lumberton Isd","Morrison Tipton"
"tony watlington","3704050","2020","nc","Rowan-Salisbury Schools","Tony Watlington","4218990","2022-2024","pa","Philadelphia City SD","TONY WATLINGTON"
"tonya harris","2900598","2018","mo","Preclarus Mastery Academy","Tonya Harris","4824480","2024","tx","Itasca Isd","Tonya Harris"
"travis graham","2925620","2022-2024","mo","Purdy R-Ii","TRAVIS GRAHAM","4020460","2022","ok","Moss","Travis Graham"
"troy miller","603060","2015-2022","ca","Arcohe Union Elementary","Troy Miller","5510620","2022-2024","wi","New Richmond School District","Troy Miller"
"tucker lillis","3174760","2005-2007","ne","Ogallala Public Schools","TUCKER LILLIS","1919740","2008","ia","Mormon Trail","Tucker Lillis"
"ugur demircan","4800266","2012-2013","tx","Harmony Science Acad (San Antonio)","Ugur Demircan","2900590","2015-2024","mo","Frontier School Of Innovation","Ugur Demircan"
"vanessa jones","639940","2011-2014","ca","Tulelake Basin Joint Unified","Vanessa Jones","3400047","2017","nj","Greater Brunswick Charter School","Vanessa Jones"
"verna ruffin","4702580","2013-2016","tn","Madison County","Verna Ruffin","904830","2018-2023","ct","Waterbury School District","dr. verna ruffin"
"vicki caldwell","3174310","2003-2005","ne","Newcastle Public Schools","VICKI CALDWELL","1923220","2007-2009","ia","Pomeroy-Palmercomm School District","Vicki Caldwell"
"vicki thomas","506120","2009-2013","ar","Fayetteville School District","THOMAS, VICKI","4817040","2016-2022","tx","Diboll Isd","Vicki Thomas"
"vickie cartwright","5511190","2018-2020","wi","Oshkosh Area School District","VICKIE CARTWRIGHT","1200180","2021","fl","Broward","CARTWRIGHT, VICKIE"
"victor white","1700330","2006-2014, 2017-2020","il","Prairieview-Ogden Ccsd 197","VICTOR R WHITE","4816530","2015-2019","tx","Deer Park Isd","Victor White"
"victoria kniewel","3417700","2011-2013","nj","West Windsor-Plainsboro Regional School District","Victoria Kniewel","3610200","2013-2022","ny","Edgemont Ufsd","Dr. Victoria S Kniewel"
"vincent smith","1917250","2006-2008","ia","Lisboncomm School District","Vincent Smith","3413290","2011-2017, 2019-2021","nj","Point Pleasant Borough Board Of Education","Vincent Smith"
"walt davis","4842450","2003-2007","tx","Terrell Isd","Walt Davis","507620","2010-2014","ar","Hector School District","DAVIS, WALT"
"walt davis","4842450","2003-2007","tx","Terrell Isd","Walt Davis","511340","2016-2021","ar","Perryville School District","Davis, Walt"
"walter calinger","3904659","2005-2007","oh","Richmond Heights Local","Walter M. Calinger","4216500","2008-2012","pa","Woodland Hills SD","WALTER CALINGER"
"walter key","4838760","2008-2013","tx","San Augustine Isd","Walter Key","503770","2013-2014","ar","Caddo Hills School District","KEY, WALTER"
"wayne burke","2011850","2015-2018, 2021","ks","Spring Hill","Burke, Wayne Dr.","2925330","2024","mo","Pleasant Hill R-Iii","WAYNE BURKE"
"wayne gallagher","2910320","2013-2017","mo","Sherwood Cass R-Viii","WAYNE GALLAGHER","4103390","2021-2023","or","Coquille SD 8","Wayne Gallagher"
"wayne johnson","3904632","2011","oh","Clermont Northeastern Local","Wayne R. Johnson","5505250","2023","wi","Gillett School District","Wayne Johnson"
"wayne johnson","3904632","2011","oh","Clermont Northeastern Local","Wayne R. Johnson","5514880","2012-2015","wi","Tigerton School District","Wayne Johnson"
"william bishop","1717670","2006-2009","il","Greenfield Cusd 10","WILLIAM BISHOP","5100300","2010-2013","va","Augusta County","Dr. William C. Bishop"
"william boyd","1200030","2010-2012","fl","Alachua","BOYD, WILLIAM","4812090","2024","tx","Buna Isd","William Boyd"
"william boyd","1200030","2010-2012","fl","Alachua","BOYD, WILLIAM","4815540","2017","tx","Crane Isd","William Boyd"
"william boyd","1200030","2010-2012","fl","Alachua","BOYD, WILLIAM","4825560","2010-2014","tx","Kermit Isd","William Boyd"
"william brown","4816380","1990-2000","tx","Dawson Isd","William Brown","629130","2021","ca","Oroville Union High","William Brown"
"william caldwell","3409000","2013","nj","Lopatcong Township School District","William Caldwell","3624660","2019-2024","ny","Ripley Csd","WILLIAM CALDWELL"
"william clark","4800275","2006, 2009-2024","tx","Stepping Stones Charter El","William Clark","4214550","2010-2012","pa","School District","WILLIAM CLARK"
"william clark","4800275","2006, 2009-2024","tx","Stepping Stones Charter El","William Clark","4215480","2008-2009","pa","Milton Area SD","WILLIAM CLARK"
"william clark","4800275","2006, 2009-2024","tx","Stepping Stones Charter El","William Clark","4217460","2017-2021","pa","Northeast Bradford SD","William Clark"
"william clark","4800275","2006, 2009-2024","tx","Stepping Stones Charter El","William Clark","4224820","2013-2015","pa","Warren County SD","WILLIAM CLARK"
"william collins","902880","2010-2017","ct","Newington School District","william collins","3622440","2018-2021","ny","Parishville-Hopkinton Csd","Dr. William Collins"
"william crowder","2910140","2003-2008, 2010-2016","mo","Cooter R-Iv","WILLIAM CROWDER","507530","2017-2018","ar","Hazen School District","CROWDER, WILLIAM"
"william hall","2011370","2012, 2014-2016","ks","Salina","Hall, William","2932070","2018-2022","mo","Willow Springs R-Iv","WILLIAM HALL"
"william hall","2011370","2012, 2014-2016","ks","Salina","Hall, William","4215330","2013-2019","pa","Millcreek Township SD","William Hall"
"william harbron","5504890","2008-2010","wi","Northern Ozaukee School District","William Harbron","3904888","2010-2015","oh","West Muskingum Local","William R. Harbron"
"william hill","1709600","2007","il","Charleston Cusd 1","Dr William E Hill","3703570","2017-2021","nc","Pender County Schools","William Hill"
"william hill","1709600","2007","il","Charleston Cusd 1","Dr William E Hill","500062","2019","ar","Kipp Delta Public Schools","HILL, WILLIAM"
"william hill","3703570","2017-2021","nc","Pender County Schools","William Hill","500062","2019","ar","Kipp Delta Public Schools","HILL, WILLIAM"
"william hunter","1732960","2003","il","Putnam Co C U School Dist 535","WILLIAM HUNTER ","1303600","2006-2011","ga","Mcintosh County","HUNTER, WILLIAM A."
"william hunter","1732960","2003","il","Putnam Co C U School Dist 535","WILLIAM HUNTER ","1304200","2013-2016","ga","Polk County","WILLIAM HUNTER"
"william jackson","512570","2007-2014, 2016","ar","South Side School District","JACKSON, WILLIAM","2600134","2012","mi","Woodward Academy","William Jackson"
"william jackson","512570","2007-2014, 2016","ar","South Side School District","JACKSON, WILLIAM","2600156","2014-2015","mi","Pontiac Academy For Excellence","William Jackson"
"william johnston","4204920","2008","pa","Canton Area SD","WILLIAM JOHNSTON","2911070","2011-2016","mo","Drexel R-Iv","William Johnston"
"william jones","2922920","2003-2010","mo","Northwestern R-I","WILLIAM JONES","4211420","2017-2018","pa","Hanover Area SD","WILLIAM JONES"
"william jones","2922920","2003-2010","mo","Northwestern R-I","WILLIAM JONES","4833060","2007-2008","tx","North Forest Isd","William Jones"
"william jones","4833060","2007-2008","tx","North Forest Isd","William Jones","4211420","2017-2018","pa","Hanover Area SD","WILLIAM JONES"
"william lake","1737120","2003-2004","il","St Anne C C School Dist 256","WILLIAM LAKE ","2918690","2019-2024","mo","Lindbergh Schools","TONY LAKE"
"william lake","1737120","2003-2004","il","St Anne C C School Dist 256","WILLIAM LAKE ","2922980","2006-2013","mo","Adair Co. R-I","WILLIAM LAKE"
"william lewis","1303270","1999-2002","ga","Lee County","LEWIS JR., WILLIAM S.","3172420","2001-2002","ne","Kenesaw Public Schools","WILLIAM LEWIS"
"william miller","3703720","2009-2015","nc","Polk County Schools","William Miller","2622980","2011-2012","mi","Martin","William Miller"
"william miller","4224030","2008-2012","pa","Tyrone Area SD","William Miller","2622980","2011-2012","mi","Martin","William Miller"
"william miller","4224030","2008-2012","pa","Tyrone Area SD","William Miller","3703720","2009-2015","nc","Polk County Schools","William Miller"
"william morgan","2600222","2012","mi","Ann Arbor Learning","William Morgan","4827090","2012","tx","Lefors Isd","William Morgan"
"william morgan","2914840","2004-2005","mo","Houston R-I","WILLIAM MORGAN III","2600222","2012","mi","Ann Arbor Learning","William Morgan"
"william morgan","2914840","2004-2005","mo","Houston R-I","WILLIAM MORGAN III","4827090","2012","tx","Lefors Isd","William Morgan"
"william rogers","1716590","2003-2006","il","Giant City C C School Dist 130","WILLIAM R ROGERS ","2916470","2009-2013","mo","Kelso C-7","William Rogers"
"william rogers","1716590","2003-2006","il","Giant City C C School Dist 130","WILLIAM R ROGERS ","2919140","2003-2008, 2010-2017","mo","Lockwood R-I","WILLIAM ROGERS"
"william scott","4816710","1993-2021","tx","Denison Isd","William Scott","3603210","2016","ny","Argyle Csd","WILLIAM SCOTT"
"william scott","4816710","1993-2021","tx","Denison Isd","William Scott","3611280","2014","ny","Fort Ann Csd","Mr. William F Scott"
"william scott","4816710","1993-2021","tx","Denison Isd","William Scott","3611730","2012","ny","Galway Csd","Mr. William F Scott"
"william scott","4816710","1993-2021","tx","Denison Isd","William Scott","3613110","2011","ny","Hadley-Luzerne Csd","Mr. William F Scott"
"william scott","4816710","1993-2021","tx","Denison Isd","William Scott","3631290","2015","ny","Whitehall Csd","Mr. William F Scott"
"william silver","902070","2007-2011","ct","Killingly School District","william m. silver","3617220","2013-2017","ny","Liberty Csd","Mr. William Silver"
"william silver","902070","2007-2011","ct","Killingly School District","william m. silver","3628890","2021-2022","ny","Tri-Valley Csd","WILLIAM SILVER"
"william smith","1305040","2015-2017","ga","Toombs County","WILLIAM SMITH","3413320","2016-2017, 2019-2024","nj","Point Pleasant Beach School District","William Smith"
"william smith","2620310","2008","mi","Kent City","William Smith","1305040","2015-2017","ga","Toombs County","WILLIAM SMITH"
"william smith","2620310","2008","mi","Kent City","William Smith","3413320","2016-2017, 2019-2024","nj","Point Pleasant Beach School District","William Smith"
"william stitt","2635040","2011-2012","mi","Waldron","William Stitt","1803780","2016-2024","in","Fremont Community Schools","William Stitt"
"william taylor","1303390","2012-2021","ga","Lowndes County","WILLIAM TAYLOR","5515390","2023-2024","wi","Wabeno Area School District","William TAYLOR"
"william taylor","3904611","2006-2009","oh","Lakota Local","William M. Taylor","1303390","2012-2021","ga","Lowndes County","WILLIAM TAYLOR"
"william taylor","3904611","2006-2009","oh","Lakota Local","William M. Taylor","5515390","2023-2024","wi","Wabeno Area School District","William TAYLOR"
"william thompson","3175770","2006-2010","ne","Ponca Public Schools","WILLIAM THOMPSON","3417910","2019-2024","nj","White Twp","William Thompson"
"william wagner","3904397","2013-2019","oh","Fairview Park City","William W. Wagner","4826100","2016-2021","tx","La Grange Isd","William Wagner"
"william ward","3412180","2011-2013","nj","Old Tappan Public School District","William Ward","3622530","2013-2019","ny","Pawling Csd","Dr. William M Ward"
"william young","1302400","1999","ga","Glynn County","YOUNG,WILLIAM F","1719500","2003-2007","il","Homer Comm Cons Sch Dist 33c","WILLIAM E YOUNG "
"william young","1302400","1999","ga","Glynn County","YOUNG,WILLIAM F","3904655","2023","oh","Cuyahoga Heights Local","William M. Young"
"william young","1719500","2003-2007","il","Homer Comm Cons Sch Dist 33c","WILLIAM E YOUNG ","3904655","2023","oh","Cuyahoga Heights Local","William M. Young"
"xavier de la torre","691035","2010-2011","ca","Santa Clara County Office Of Education","Xavier De La Torre","4846680","2014-2024","tx","Ysleta Isd","Guadalupe De La Torre"
"youssef yomtoob","1718570","2003-2008","il","Hawthorn C C School Dist 73","DR YOUSSEF YOMTOOB ","1802880","2014-2015","in","School City Of East Chicago","Youssef Yomtoob"
"yvonne bullock","1726970","2006-2008","il","Meridian Cusd 101","DR YVONNE BULLOCK","1800228","2022-2023","in","Indy Steam Academy","Yvonne Bullock"
